points,MIN_POINTS,MAX_POINTS,young,name,country,position,club,probability,points_raw,price,popularity,weekday,ID
0,0,0,False,PIOTR GĘBALA,POLSKA,POMOCNIK,GKS TYCHY,0.267973856,0,0.5,0,11,2483
0,0,0,False,MATEUSZ CIAPA,POLSKA,POMOCNIK,MIEDŹ LEGNICA,0.577159951,0,1.2,0,11,2482
0,2,2,False,TOMÁŠ PŘIKRYL,CZECHY,POMOCNIK,ODRA OPOLE,0.405536276,4,1.8,0,11,2480
0,2,2,False,TOMÁŠ PŘIKRYL,CZECHY,POMOCNIK,ODRA OPOLE,0.156839623,4,1.8,0,11,2480
-1.154319901,4,13,False,ADNAN KOVAČEVIĆ,BOŚNIA,OBROŃCA,MIEDŹ LEGNICA,0.577159951,15,1.9,0.01,11,2479
-0.194791483,0,2,False,NICOLAS RAJSEL,SŁOWENIA,POMOCNIK,KOTWICA KOŁOBRZEG,0.194791483,1,1.6,0,11,2478
-0.415126208,4,6,False,JOÃO TAVARES,BRAZYLIA,NAPASTNIK,STAL STALOWA WOLA,0.207563104,8,1.6,0,11,2477
-0.555972600,2,3,False,JAKUB MYSZOR,POLSKA,POMOCNIK,RUCH CHORZÓW,0.555972600,4,1.6,0,11,2476
-0.194791483,0,1,False,LUCAS RAMOS,BRAZYLIA,POMOCNIK,KOTWICA KOŁOBRZEG,0.194791483,0,1.7,0,11,2475
0,0,0,False,MARCIN WIĘCKOWSKI,POLSKA,OBROŃCA,WISŁA PŁOCK,0.297419925,0,0.9,0,11,2474
0,3,5,False,MOHAMED MEZGHRANI,BELGIA,OBROŃCA,RUCH CHORZÓW,0.555972600,8,1.6,0,11,2473
0,0,0,False,OSKAR KLAT,POLSKA,BRAMKARZ,WISŁA PŁOCK,0.297419925,0,0.5,0,11,2472
0,3,2,False,MARCEL RUSZEL,POLSKA,POMOCNIK,STAL STALOWA WOLA,0.207563104,5,1.5,0,11,2471
0.535947712,0,5,False,JULIAN KEIBLINGER,POLSKA,OBROŃCA,GKS TYCHY,0.267973856,7,1.6,0,11,2470
-2.618327421,9,4,False,FILIP KOCABA,POLSKA,POMOCNIK,ARKA GDYNIA,0.654581855,9,1,0,11,2469
0.922336586,0,2,False,BEKZOD AHMEDOV,UZBEKISTAN,POMOCNIK,GÓRNIK ŁĘCZNA,0.461168293,4,1.4,0,11,2468
1.861499003,8,8,False,IGOR STRZAŁEK,POLSKA,POMOCNIK,BRUK-BET TERMALICA NIECIECZA,0.465374751,20,1.6,0,11,2467
0,0,0,False,FABIAN BLEJWAS,POLSKA,OBROŃCA,STAL RZESZÓW,0.464052288,0,0.5,0,11,2466
0.861306571,0,2,False,JORGE ALASTUEY,HISZPANIA,POMOCNIK,ŁKS ŁÓDŹ,0.430653286,4,1.7,0,11,2465
0.584374450,0,2,False,MIŁOSZ KUROWSKI,POLSKA,POMOCNIK,KOTWICA KOŁOBRZEG,0.194791483,5,1.4,0,11,2464
0,0,0,False,BARTOSZ BRZĘK,POLSKA,OBROŃCA,GKS TYCHY,0.267973856,0,0.5,0,11,2463
0,0,0,False,MARCEL MASÁR,SŁOWACJA,NAPASTNIK,GÓRNIK ŁĘCZNA,0.461168293,0,1.5,0,11,2462
0,0,0,False,MICHAŁ KACZMAR,POLSKA,NAPASTNIK,MIEDŹ LEGNICA,0.577159951,0,0.7,0,11,2461
0,0,0,False,KACPER JÓŹWICKI,POLSKA,POMOCNIK,WARTA POZNAŃ,0.267477610,0,1.4,0,11,2460
0,0,0,False,YANNICK WOUDSTRA,NIEMCY,NAPASTNIK,GKS TYCHY,0.267973856,0,1.6,0,11,2459
2.326873753,0,6,False,NOAH MROSEK,POLSKA,OBROŃCA,BRUK-BET TERMALICA NIECIECZA,0.465374751,11,1.4,0,11,2458
0.940844161,0,6,False,ADRIAN KAZIMIERCZAK,POLSKA,NAPASTNIK,ZNICZ PRUSZKÓW,0.313614720,9,0.5,0.01,11,2456
1.564309381,0,6,False,ADRIAN KAZIMIERCZAK,POLSKA,NAPASTNIK,ZNICZ PRUSZKÓW,0.521436460,9,0.5,0.01,11,2456
3.462959704,0,6,False,AMAR DRINA,BOŚNIA,OBROŃCA,MIEDŹ LEGNICA,0.577159951,12,1.7,0,11,2455
6.049871758,0,6,False,GABRIEL ISIK,NIEMCY,OBROŃCA,BRUK-BET TERMALICA NIECIECZA,0.465374751,19,1.8,0,11,2454
0,0,0,False,SZYMON SIKORSKI,POLSKA,OBROŃCA,ODRA OPOLE,0.405536276,0,0.5,0,11,2453
0,0,0,False,SZYMON SIKORSKI,POLSKA,OBROŃCA,ODRA OPOLE,0.156839623,0,0.5,0,11,2453
0,0,0,False,MIŁOSZ KACZOR,POLSKA,POMOCNIK,STAL RZESZÓW,0.464052288,0,0.7,0,11,2452
0,0,1,False,BARTOSZ TOMASZEWSKI,POLSKA,OBROŃCA,STAL STALOWA WOLA,0.207563104,1,0.5,0,11,2451
8.182412427,9,7,False,STEFAN FEIERTAG,AUSTRIA,NAPASTNIK,ŁKS ŁÓDŹ,0.430653286,35,1.9,0.14,11,2450
2.982445141,0,7,False,DANIEL VEGA,HISZPANIA,POMOCNIK,POLONIA WARSZAWA,0.271131376,18,1.8,0,11,2449
0,0,2,False,SOLO TRAORÉ,HISZPANIA,NAPASTNIK,GÓRNIK ŁĘCZNA,0.461168293,2,1.5,0,11,2448
0,0,0,False,ANDRZEJ KRAJEWSKI,POLSKA,OBROŃCA,POLONIA WARSZAWA,0.271131376,0,1.4,0,11,2447
0,0,0,False,MATEUSZ CICHOCKI,POLSKA,POMOCNIK,WARTA POZNAŃ,0.267477610,0,1,0,11,2446
0,0,0,False,ISAAC AMOAH,GHANA,OBROŃCA,POGOŃ SIEDLCE,0.230195120,0,1.6,0,11,2445
4.150514637,0,5,False,DAVID OGAGA,NIGERIA,OBROŃCA,GÓRNIK ŁĘCZNA,0.461168293,14,1.7,0,11,2444
4.952830189,0,4,False,FREDERICO DUARTE,PORTUGALIA,POMOCNIK,WISŁA KRAKÓW,0.619103774,12,2,0,11,2443
9.905660377,-10,9,False,TAMÁS KISS,WĘGRY,POMOCNIK,WISŁA KRAKÓW,0.619103774,15,2,0.01,11,2442
0.928104575,0,2,False,ARTUR GAŻA,POLSKA,POMOCNIK,STAL RZESZÓW,0.464052288,4,0.5,0,11,2441
0.194791483,0,2,False,LEON ZIĘTEK,POLSKA,POMOCNIK,KOTWICA KOŁOBRZEG,0.194791483,3,0.5,0,11,2440
1.363540384,0,2,False,KAMIL KORT,POLSKA,POMOCNIK,KOTWICA KOŁOBRZEG,0.194791483,9,1.2,0,11,2439
0,0,1,False,BARTOSZ BOROWSKI,POLSKA,NAPASTNIK,WISŁA PŁOCK,0.297419925,1,0.5,0,11,2438
0,0,0,False,HUBERT IDASIAK,POLSKA,BRAMKARZ,ŁKS ŁÓDŹ,0.430653286,0,1.7,0,11,2437
0,0,1,False,KAMIL LIPIŃSKI,POLSKA,POMOCNIK,RUCH CHORZÓW,0.555972600,1,0.5,0,11,2436
8.895561603,0,6,False,SZYMON KARASIŃSKI,POLSKA,OBROŃCA,RUCH CHORZÓW,0.555972600,22,0.8,0.16,11,2435
7.366243850,-10,8,False,MATEUSZ PRUCHNIEWSKI,POLSKA,BRAMKARZ,POGOŃ SIEDLCE,0.230195120,30,1,0.17,11,2434
7.839860981,0,6,False,BRANISLAV SPÁČIL,SŁOWACJA,POMOCNIK,GÓRNIK ŁĘCZNA,0.461168293,23,1.7,0,11,2433
0,0,0,False,DOMINIK STANNY,POLSKA,BRAMKARZ,STAL STALOWA WOLA,0.207563104,0,0.5,0.03,11,2432
3.128618762,0,2,False,MATEUSZ KRÓL,POLSKA,NAPASTNIK,ZNICZ PRUSZKÓW,0.521436460,8,1.6,0,11,2431
1.881688322,0,2,False,MATEUSZ KRÓL,POLSKA,NAPASTNIK,ZNICZ PRUSZKÓW,0.313614720,8,1.6,0,11,2431
7.751759142,0,12,False,ŁUKASZ BOMBA,POLSKA,BRAMKARZ,ŁKS ŁÓDŹ,0.430653286,30,1.3,0.05,11,2430
0,0,1,False,MIŁOSZ SKOWRONEK,POLSKA,OBROŃCA,CHROBRY GŁOGÓW,0.146258133,1,0.8,0.01,11,2429
2.153266428,0,4,False,IVAN MIHALJEVIĆ,CHORWACJA,OBROŃCA,ŁKS ŁÓDŹ,0.430653286,9,1.7,0,11,2428
5.003753402,0,6,False,MARTIN TURK,SŁOWENIA,BRAMKARZ,RUCH CHORZÓW,0.555972600,15,1.8,0.01,11,2427
6.245818433,0,6,False,DANI PACHECO,HISZPANIA,POMOCNIK,WISŁA PŁOCK,0.297419925,27,1.8,0.04,11,2426
3.714622642,0,14,False,ŁUKASZ ZWOLIŃSKI,POLSKA,NAPASTNIK,WISŁA KRAKÓW,0.619103774,20,2,0.03,11,2425
0,0,0,False,BABACAR DIALLO,SENEGAL,OBROŃCA,MIEDŹ LEGNICA,0.577159951,0,1.4,0,11,2424
0,0,0,False,MIŁOSZ KACZMAREK,POLSKA,POMOCNIK,ARKA GDYNIA,0.654581855,0,0.5,0,11,2423
0,0,0,False,KAMIL GRZELAK,POLSKA,POMOCNIK,CHROBRY GŁOGÓW,0.146258133,0,0.5,0,11,2422
0,0,0,False,MARCEL GAWŁOWSKI,POLSKA,BRAMKARZ,CHROBRY GŁOGÓW,0.146258133,0,0.5,0.04,11,2421
0,0,0,False,GRACJAN ANTKOWIAK,POLSKA,POMOCNIK,CHROBRY GŁOGÓW,0.146258133,0,0.7,0,11,2420
0.313679245,9,5,False,OSKAR ZAWADA,POLSKA,POMOCNIK,ODRA OPOLE,0.156839623,16,0.5,0.03,11,2419
0.811072553,9,5,False,OSKAR ZAWADA,POLSKA,POMOCNIK,ODRA OPOLE,0.405536276,16,0.5,0.03,11,2419
0,0,0,False,PAWEŁ MRÓZ,POLSKA,OBROŃCA,ODRA OPOLE,0.405536276,0,0.5,0.03,11,2418
0,0,0,False,PAWEŁ MRÓZ,POLSKA,OBROŃCA,ODRA OPOLE,0.156839623,0,0.5,0.03,11,2418
0,0,0,False,JAN DĘBSKI,POLSKA,POMOCNIK,ODRA OPOLE,0.156839623,0,0.7,0,11,2417
0,0,0,False,JAN DĘBSKI,POLSKA,POMOCNIK,ODRA OPOLE,0.405536276,0,0.7,0,11,2417
0,0,0,False,KACPER BUNIAK,POLSKA,NAPASTNIK,ODRA OPOLE,0.156839623,0,0.5,0.01,11,2416
0,0,0,False,KACPER BUNIAK,POLSKA,NAPASTNIK,ODRA OPOLE,0.405536276,0,0.5,0.01,11,2416
0,0,0,False,TOMASZ PŁANETA,POLSKA,POMOCNIK,BRUK-BET TERMALICA NIECIECZA,0.465374751,0,0.7,0,11,2415
0,0,0,False,OSKAR KLON,POLSKA,BRAMKARZ,WISŁA PŁOCK,0.297419925,0,0.7,0,11,2414
2.075631041,0,2,False,KRYSTIAN PCHEŁKA,POLSKA,NAPASTNIK,STAL STALOWA WOLA,0.207563104,12,1.3,0,11,2413
0.438774400,0,2,False,ERYK MARCINKOWSKI,POLSKA,OBROŃCA,CHROBRY GŁOGÓW,0.146258133,5,1.4,0,11,2412
2.301951203,0,5,False,JAKUB LUTOSTAŃSKI,POLSKA,NAPASTNIK,POGOŃ SIEDLCE,0.230195120,15,1.5,0,11,2411
0,0,0,False,BARTOSZ KLEBANIUK,POLSKA,BRAMKARZ,ZNICZ PRUSZKÓW,0.313614720,0,1.7,0,11,2410
0,0,0,False,BARTOSZ KLEBANIUK,POLSKA,BRAMKARZ,ZNICZ PRUSZKÓW,0.521436460,0,1.7,0,11,2410
6.245818433,-10,7,False,BOJAN NASTIĆ,BOŚNIA,OBROŃCA,WISŁA PŁOCK,0.297419925,18,1.9,0.04,11,2409
8.922597762,-20,9,False,PRZEMYSŁAW MISIAK,POLSKA,OBROŃCA,WISŁA PŁOCK,0.297419925,19,1.3,0.02,11,2408
2.081939478,0,3,False,KSAWERY KUKUŁKA,POLSKA,OBROŃCA,WISŁA PŁOCK,0.297419925,10,1.2,0.01,11,2407
1.784519552,0,6,False,MACIEJ FAMULAK,POLSKA,POMOCNIK,WISŁA PŁOCK,0.297419925,12,1.6,0,11,2406
4.461298881,0,8,False,ANDRIAS EDMUNDSSON,WYSPY,OBROŃCA,WISŁA PŁOCK,0.297419925,23,1.8,0.01,11,2405
0.594839851,0,3,False,MIŁOSZ BRZOZOWSKI,POLSKA,POMOCNIK,WISŁA PŁOCK,0.297419925,5,1.6,0,11,2404
0,0,0,False,IGNACE ABDELHAMID,BELGIA,POMOCNIK,WISŁA PŁOCK,0.297419925,0,1.9,0,11,2403
19.192216981,-22,8,False,OLIVIER SUKIENNICKI,POLSKA,POMOCNIK,WISŁA KRAKÓW,0.619103774,17,1.6,0.11,11,2402
0,0,2,False,GIÁNNIS KIAKÓS,GRECJA,OBROŃCA,WISŁA KRAKÓW,0.619103774,2,1.8,0.01,11,2401
3.209731319,0,5,False,MACIEJ ŻURAWSKI,POLSKA,POMOCNIK,WARTA POZNAŃ,0.267477610,17,2,0.02,11,2400
2.942253709,0,2,False,FILIP WALUŚ,POLSKA,POMOCNIK,WARTA POZNAŃ,0.267477610,13,1,0.01,11,2399
0.802432830,0,5,False,SZYMON SARBINOWSKI,POLSKA,POMOCNIK,WARTA POZNAŃ,0.267477610,8,1,0,11,2396
-0.534955220,0,2,False,MICHAŁ KOPCZYŃSKI,POLSKA,POMOCNIK,WARTA POZNAŃ,0.267477610,0,1.6,0,11,2395
0.267477610,0,2,False,FILIP JAKUBOWSKI,POLSKA,POMOCNIK,WARTA POZNAŃ,0.267477610,3,1.2,0,11,2394
0,0,0,False,JĘDRZEJ HANUSZCZAK,POLSKA,POMOCNIK,WARTA POZNAŃ,0.267477610,0,0.5,0,11,2393
0,0,0,False,MATEUSZ LECHOWICZ,POLSKA,OBROŃCA,WARTA POZNAŃ,0.267477610,0,0.7,0,11,2391
4.674995601,-20,6,False,WOŁODYMYR KOSTEWYCZ,UKRAINA,OBROŃCA,KOTWICA KOŁOBRZEG,0.194791483,10,1.6,0,11,2390
6.954417859,-10,6,False,JAKUB BARTKOWSKI,POLSKA,OBROŃCA,WARTA POZNAŃ,0.267477610,22,1.8,0.03,11,2389
0,0,0,False,LEO PRZYBYLAK,POLSKA,BRAMKARZ,WARTA POZNAŃ,0.267477610,0,0.9,0,11,2388
0,0,0,False,BORYS OŁENIAK,POLSKA,BRAMKARZ,WARTA POZNAŃ,0.267477610,0,0.8,0,11,2387
8.352941176,10,6,False,TOMASZ BAŁA,POLSKA,NAPASTNIK,STAL RZESZÓW,0.464052288,34,1.5,0.07,11,2386
15.011260205,-10,7,False,SOMA NOVOTHNY,WĘGRY,NAPASTNIK,RUCH CHORZÓW,0.555972600,24,1.8,0.07,11,2385
0,0,0,False,MIKE HURAS,POLSKA,NAPASTNIK,RUCH CHORZÓW,0.555972600,0,1.7,0,11,2384
16.123205405,-10,9,False,DENIS VENTURA,SŁOWACJA,POMOCNIK,RUCH CHORZÓW,0.555972600,28,1.8,0.01,11,2383
10.007506803,-10,7,False,FILIP STARZYŃSKI,POLSKA,POMOCNIK,RUCH CHORZÓW,0.555972600,15,2,0.03,11,2382
5.003753402,0,2,False,JOSÉ ANTONIO NONO,HISZPANIA,POMOCNIK,RUCH CHORZÓW,0.555972600,11,1.8,0.01,11,2381
2.223890401,0,4,False,MATEUSZ CHMAREK,POLSKA,POMOCNIK,RUCH CHORZÓW,0.555972600,8,0.9,0.01,11,2380
8.339589003,-10,2,False,ANDREJ LUKIC,CHORWACJA,OBROŃCA,RUCH CHORZÓW,0.555972600,7,1.7,0.01,11,2379
0,0,2,False,KSAWERY KWIATKOWSKI,POLSKA,OBROŃCA,RUCH CHORZÓW,0.555972600,2,1.2,0,11,2378
16.123205405,-10,6,False,MARTIN KONCZKOWSKI,POLSKA,OBROŃCA,RUCH CHORZÓW,0.555972600,25,1.9,0.14,11,2377
4.880364776,0,9,False,ERJON HOXHALLARI,ALBANIA,OBROŃCA,POLONIA WARSZAWA,0.271131376,27,1.9,0.02,11,2376
0,0,0,False,BARTOSZ FALBIERSKI,POLSKA,POMOCNIK,POLONIA WARSZAWA,0.271131376,0,0.9,0,11,2375
2.038915094,-9,2,False,JORDAN DOMINGUEZ,HISZPANIA,POMOCNIK,ODRA OPOLE,0.156839623,6,1.8,0.01,11,2374
5.271971592,-9,2,False,JORDAN DOMINGUEZ,HISZPANIA,POMOCNIK,ODRA OPOLE,0.405536276,6,1.8,0.01,11,2374
0.811072553,0,3,False,SZYMON MIDA,POLSKA,POMOCNIK,ODRA OPOLE,0.405536276,5,0.5,0.02,11,2373
0.313679245,0,3,False,SZYMON MIDA,POLSKA,POMOCNIK,ODRA OPOLE,0.156839623,5,0.5,0.02,11,2373
19.046278374,0,10,False,BENEDIK MIOC,CHORWACJA,POMOCNIK,MIEDŹ LEGNICA,0.577159951,43,2.1,0.07,11,2372
1.731479852,0,2,False,OLIWIER SZYMONIAK,POLSKA,OBROŃCA,MIEDŹ LEGNICA,0.577159951,5,0.7,0.01,11,2371
0,0,0,False,JAKUB KACZEMBA,POLSKA,OBROŃCA,MIEDŹ LEGNICA,0.577159951,0,0.5,0.01,11,2370
0,0,0,False,KAY TEJAN,HOLANDIA,NAPASTNIK,ŁKS ŁÓDŹ,0.430653286,0,2.5,0.01,11,2369
0,0,0,False,OLIWIER SŁAWIŃSKI,POLSKA,NAPASTNIK,ŁKS ŁÓDŹ,0.430653286,0,1,0.01,11,2368
9.474372284,0,7,False,JĘDRZEJ ZAJĄC,POLSKA,POMOCNIK,ŁKS ŁÓDŹ,0.430653286,29,1.2,0.01,11,2367
8.613065713,0,4,False,MATEUSZ WYSOKIŃSKI,POLSKA,POMOCNIK,ŁKS ŁÓDŹ,0.430653286,24,1.4,0,11,2366
14.211558427,0,8,False,ANTONI MŁYNARCZYK,POLSKA,POMOCNIK,ŁKS ŁÓDŹ,0.430653286,41,1.6,0.04,11,2365
1.722613143,0,3,False,JAN ŁABĘDZKI,POLSKA,POMOCNIK,ŁKS ŁÓDŹ,0.430653286,7,1.1,0,11,2364
0,0,0,False,ALEKSANDER IWAŃCZYK,POLSKA,POMOCNIK,ŁKS ŁÓDŹ,0.430653286,0,1.7,0,11,2363
0,0,0,False,RICARDO GONÇALVES DO NASCIMENTO,POLSKA,POMOCNIK,ŁKS ŁÓDŹ,0.430653286,0,1.8,0,11,2362
3.014573000,0,2,False,HUSEIN BALIĆ,AUSTRIA,POMOCNIK,ŁKS ŁÓDŹ,0.430653286,9,1.9,0.02,11,2360
19.379397854,0,10,False,ANDREU ARASA,HISZPANIA,POMOCNIK,ŁKS ŁÓDŹ,0.430653286,55,2.1,0.21,11,2359
9.474372284,-22,2,False,ANTONIO MAJCENIĆ,CHORWACJA,OBROŃCA,ŁKS ŁÓDŹ,0.430653286,2,1.8,0.01,11,2358
9.043718999,0,6,False,LEVENT GÜLEN,SZWAJCARIA,OBROŃCA,ŁKS ŁÓDŹ,0.430653286,27,1.9,0.03,11,2356
0,0,0,False,TOMASZ KUCHARSKI,POLSKA,BRAMKARZ,ŁKS ŁÓDŹ,0.430653286,0,0.7,0.01,11,2355
0,0,0,False,MICHAŁ WACHOWICZ,POLSKA,POMOCNIK,GÓRNIK ŁĘCZNA,0.461168293,0,0.5,0,11,2354
0,0,0,False,SEBASTIAN SZCZYTNIEWSKI,POLSKA,OBROŃCA,GÓRNIK ŁĘCZNA,0.461168293,0,1.4,0,11,2353
6.917524395,0,6,False,KAMIL ORLIK,POLSKA,POMOCNIK,GÓRNIK ŁĘCZNA,0.461168293,21,1.4,0.01,11,2352
6.917524395,0,4,False,PATRYK MALAMIS,POLSKA,POMOCNIK,GÓRNIK ŁĘCZNA,0.461168293,19,1.6,0,11,2351
6.456356102,0,6,False,DOMINYKAS BARAUSKAS,LITWA,OBROŃCA,GÓRNIK ŁĘCZNA,0.461168293,20,1.8,0.02,11,2350
8.575163399,-20,3,False,MAMIN SANYANG,GAMBIA,POMOCNIK,GKS TYCHY,0.267973856,15,1.8,0.01,11,2349
4.555555556,20,8,False,MARCEL LUBIK,POLSKA,BRAMKARZ,GKS TYCHY,0.267973856,45,1.7,0.07,11,2348
0.803921569,0,3,False,TOBIASZ KUBIK,POLSKA,POMOCNIK,GKS TYCHY,0.267973856,6,1.4,0,11,2347
4.019607843,0,4,False,MAKSYMILIAN DZIUBA,POLSKA,POMOCNIK,GKS TYCHY,0.267973856,19,1.4,0,11,2346
3.257623254,0,3,False,JAKUB RÓŻYCKI,POLSKA,POMOCNIK,BRUK-BET TERMALICA NIECIECZA,0.465374751,10,0.6,0,11,2345
0,0,0,False,JAKUB MARCINKOWSKI,POLSKA,OBROŃCA,ZNICZ PRUSZKÓW,0.313614720,0,1.3,0,11,2344
0,0,0,False,JAKUB MARCINKOWSKI,POLSKA,OBROŃCA,ZNICZ PRUSZKÓW,0.521436460,0,1.3,0,11,2344
13.495867769,10,7,False,ADRIÁN CHOVAN,SŁOWACJA,BRAMKARZ,BRUK-BET TERMALICA NIECIECZA,0.465374751,46,1.9,0.16,11,2343
12.437055252,0,8,False,HIDE VITALUCCI,WŁOCHY,POMOCNIK,ARKA GDYNIA,0.654581855,27,1.7,0.04,11,2342
11.127891541,20,13,False,JOÃO OLIVEIRA,SZWAJCARIA,POMOCNIK,ARKA GDYNIA,0.654581855,50,2,0.12,11,2341
1.963745566,0,5,False,KAMIL JAKUBCZYK,POLSKA,POMOCNIK,ARKA GDYNIA,0.654581855,8,1.2,0,11,2340
7.200400409,0,13,False,KIKE HERMOSO,HISZPANIA,OBROŃCA,ARKA GDYNIA,0.654581855,24,1.8,0.02,11,2339
0,0,0,False,KRYSTIAN TOFILSKI,POLSKA,NAPASTNIK,STAL STALOWA WOLA,0.207563104,0,0.5,0.01,11,2338
-0.415126208,0,3,False,JAKUB SVEC,SŁOWACJA,NAPASTNIK,STAL STALOWA WOLA,0.207563104,1,1.5,0,11,2337
1.868067937,-10,2,False,DAWID ŁĄCKI,POLSKA,NAPASTNIK,STAL STALOWA WOLA,0.207563104,1,0.6,0.01,11,2336
2.490757249,0,2,False,KACPER CHEŁMECKI,POLSKA,NAPASTNIK,STAL STALOWA WOLA,0.207563104,14,0.9,0.04,11,2335
1.245378624,10,4,False,PATRYK ZAUCHA,POLSKA,POMOCNIK,STAL STALOWA WOLA,0.207563104,20,1.6,0,11,2334
1.660504833,0,3,False,BARTOSZ PIOTERCZAK,POLSKA,POMOCNIK,STAL STALOWA WOLA,0.207563104,11,1.2,0.01,11,2332
1.245378624,0,3,False,KRYSTIAN LELEK,POLSKA,POMOCNIK,STAL STALOWA WOLA,0.207563104,9,1.5,0,11,2331
2.905883457,-10,4,False,ADAM IMIELA,POLSKA,POMOCNIK,STAL STALOWA WOLA,0.207563104,8,1.5,0,11,2330
0,0,1,False,OSKAR BYSTREK,POLSKA,POMOCNIK,STAL STALOWA WOLA,0.207563104,1,0.5,0.01,11,2329
1.245378624,-10,12,False,DAMIAN URBAN,POLSKA,OBROŃCA,STAL STALOWA WOLA,0.207563104,8,1.4,0,11,2328
0,0,2,False,DAMIAN OKO,POLSKA,OBROŃCA,STAL STALOWA WOLA,0.207563104,2,1.6,0.01,11,2327
0,0,0,False,BORYS FREILICH,POLSKA,OBROŃCA,STAL STALOWA WOLA,0.207563104,0,1.3,0,11,2326
0,0,1,False,IGOR FEDEJKO,POLSKA,OBROŃCA,STAL STALOWA WOLA,0.207563104,1,0.5,0.06,11,2325
3.113446561,0,7,False,ADAM WILK,POLSKA,BRAMKARZ,STAL STALOWA WOLA,0.207563104,22,1.5,0.01,11,2323
0.207563104,0,3,False,MIKOŁAJ SMYŁEK,POLSKA,BRAMKARZ,STAL STALOWA WOLA,0.207563104,4,1.2,0.01,11,2321
2.301951203,0,11,False,MATEUSZ MAJEWSKI,POLSKA,NAPASTNIK,POGOŃ SIEDLCE,0.230195120,21,1.3,0.01,11,2319
0,0,0,False,CEZARY BUJALSKI,POLSKA,NAPASTNIK,POGOŃ SIEDLCE,0.230195120,0,0.5,0.02,11,2318
0,0,0,False,DANYY BABOR,POLSKA,NAPASTNIK,POGOŃ SIEDLCE,0.230195120,0,0.7,0.01,11,2317
2.301951203,0,3,False,OŁEKSIJ ZINKEWYCZ,UKRAINA,POMOCNIK,POGOŃ SIEDLCE,0.230195120,13,1.5,0,11,2316
0,0,0,False,BARTOSZ WICENCIAK,POLSKA,POMOCNIK,POGOŃ SIEDLCE,0.230195120,0,1.2,0,11,2315
0.460390241,10,8,False,DAMIAN SZUPRYTOWSKI,POLSKA,POMOCNIK,POGOŃ SIEDLCE,0.230195120,20,1.3,0,11,2314
3.222731684,0,6,False,DANIEL PIK,POLSKA,POMOCNIK,POGOŃ SIEDLCE,0.230195120,20,1.4,0,11,2313
0,0,0,False,OLIWIER MYSZKOWSKI,POLSKA,POMOCNIK,POGOŃ SIEDLCE,0.230195120,0,0.7,0,11,2312
2.071756083,0,3,False,MIŁOSZ DRĄG,POLSKA,OBROŃCA,POGOŃ SIEDLCE,0.230195120,12,1.4,0,11,2311
0,0,0,False,KACPER BOGUSIEWICZ,POLSKA,POMOCNIK,POGOŃ SIEDLCE,0.230195120,0,0.8,0,11,2310
2.532146324,-10,2,False,JAKUB OKUSAMI,POLSKA,OBROŃCA,POGOŃ SIEDLCE,0.230195120,3,0.9,0.01,11,2309
2.532146324,-10,2,False,KRYSTIAN MIŚ,POLSKA,OBROŃCA,POGOŃ SIEDLCE,0.230195120,3,1.3,0,11,2308
0.690585361,0,2,False,ROBERT MAJEWSKI,POLSKA,OBROŃCA,POGOŃ SIEDLCE,0.230195120,5,1.3,0,11,2307
4.834097527,-10,7,False,LUKAS HRNCLAR,SŁOWACJA,OBROŃCA,POGOŃ SIEDLCE,0.230195120,18,1.5,0.02,11,2306
4.834097527,-20,3,False,CASSIO SANTIAGO DE ALMEIDA,BRAZYLIA,OBROŃCA,POGOŃ SIEDLCE,0.230195120,4,1.4,0.01,11,2304
0.230195120,0,1,False,DAWID BURKA,POLSKA,OBROŃCA,POGOŃ SIEDLCE,0.230195120,2,1.3,0,11,2303
0,0,0,False,PATRYK SZATKOWSKI,POLSKA,BRAMKARZ,POGOŃ SIEDLCE,0.230195120,0,0.7,0.01,11,2302
0,0,0,False,KRZYSZTOF POPIOŁEK,POLSKA,BRAMKARZ,POGOŃ SIEDLCE,0.230195120,0,0.7,0.01,11,2301
2.532289284,0,5,False,LEON KREKOVIC,CHORWACJA,NAPASTNIK,KOTWICA KOŁOBRZEG,0.194791483,18,1.6,0.01,11,2299
2.337497800,0,11,False,JONATHAN JUNIOR,BRAZYLIA,NAPASTNIK,KOTWICA KOŁOBRZEG,0.194791483,23,1.7,0.05,11,2298
0,0,0,False,JAKUB ŻUBROWSKI,POLSKA,POMOCNIK,KOTWICA KOŁOBRZEG,0.194791483,0,1.5,0,11,2297
0,0,1,False,TAFARA MADEMBO,POLSKA,POMOCNIK,KOTWICA KOŁOBRZEG,0.194791483,1,0.6,0.01,11,2295
0,0,0,False,MICHAŁ LASEK,POLSKA,POMOCNIK,KOTWICA KOŁOBRZEG,0.194791483,0,0.5,0.05,11,2294
4.090621151,10,10,False,MICHAŁ KOZAJDA,POLSKA,POMOCNIK,KOTWICA KOŁOBRZEG,0.194791483,41,1.5,0.01,11,2293
2.532289284,0,8,False,MICHAŁ CYWIŃSKI,POLSKA,POMOCNIK,KOTWICA KOŁOBRZEG,0.194791483,21,1.3,0.02,11,2292
2.142706317,20,9,False,MARCEL BYKOWSKI,POLSKA,POMOCNIK,KOTWICA KOŁOBRZEG,0.194791483,40,1,0.21,11,2291
6.233327468,-30,6,False,PIOTR WITASIK,POLSKA,OBROŃCA,KOTWICA KOŁOBRZEG,0.194791483,8,1.3,0,11,2290
0,0,2,False,ANDRZEJ TROJNARSKI,POLSKA,OBROŃCA,KOTWICA KOŁOBRZEG,0.194791483,2,0.5,0.1,11,2289
0,0,0,False,FILIP SONNTAG,POLSKA,OBROŃCA,STAL RZESZÓW,0.464052288,0,0.5,0.04,11,2286
0,0,0,False,DANIEL WĘGRZYN,POLSKA,POMOCNIK,STAL RZESZÓW,0.464052288,0,0.5,0.01,11,2285
3.272909277,0,6,False,KAMIL GÓRECKI,POLSKA,OBROŃCA,ARKA GDYNIA,0.654581855,11,0.5,0.08,11,2284
0,0,0,False,MIKOŁAJ MOLGA,POLSKA,BRAMKARZ,BRUK-BET TERMALICA NIECIECZA,0.465374751,0,0.5,0.07,11,2283
0,0,0,False,TOMASZ WOJCIECHOWSKI,POLSKA,NAPASTNIK,CHROBRY GŁOGÓW,0.146258133,0,0.9,0,11,2282
0,0,0,False,ILIA POSTUPALSKYI,UKRAINA,POMOCNIK,STAL RZESZÓW,0.464052288,0,0.7,0,11,2278
2.195754717,0,3,False,MICHAŁ OSIPIAK,POLSKA,POMOCNIK,ODRA OPOLE,0.156839623,17,0.5,0.01,11,2277
5.677507869,0,3,False,MICHAŁ OSIPIAK,POLSKA,POMOCNIK,ODRA OPOLE,0.405536276,17,0.5,0.01,11,2277
0,0,0,False,DIEGO DEISADZE,GRUZJA,POMOCNIK,BRUK-BET TERMALICA NIECIECZA,0.465374751,0,1.3,0,11,2276
0,0,0,False,YŪTO TAIRA,JAPONIA,POMOCNIK,CHROBRY GŁOGÓW,0.146258133,0,1.5,0,11,2274
9.164145975,0,7,False,MARC NAVARRO,HISZPANIA,OBROŃCA,ARKA GDYNIA,0.654581855,21,1.6,0.03,11,2269
0,0,0,False,SEBASTIAN ROJEK,POLSKA,OBROŃCA,GÓRNIK ŁĘCZNA,0.461168293,0,1.2,0,11,2268
5.735801064,0,5,False,KAITO IMAI,JAPONIA,POMOCNIK,ZNICZ PRUSZKÓW,0.521436460,16,1.5,0,11,2263
3.449761924,0,5,False,KAITO IMAI,JAPONIA,POMOCNIK,ZNICZ PRUSZKÓW,0.313614720,16,1.5,0,11,2263
1.857311321,0,2,False,KAROL DZIEDZIC,POLSKA,POMOCNIK,WISŁA KRAKÓW,0.619103774,5,0.7,0,11,2262
8.667452830,0,5,False,ANTON CHICHKAN,BIAŁORUŚ,BRAMKARZ,WISŁA KRAKÓW,0.619103774,19,1.7,0.06,11,2261
0,0,0,False,JAKUB STĘPAK,POLSKA,BRAMKARZ,WISŁA KRAKÓW,0.619103774,0,0.5,0.01,11,2260
8.352941176,0,7,False,MICHAŁ SYNOŚ,POLSKA,OBROŃCA,STAL RZESZÓW,0.464052288,25,1.1,0.17,11,2259
0.464052288,0,1,False,KACPER PLICHTA,POLSKA,NAPASTNIK,STAL RZESZÓW,0.464052288,2,0.5,0.04,11,2258
0,0,0,False,VITALIJ DIACHENKO,UKRAINA,BRAMKARZ,MIEDŹ LEGNICA,0.577159951,0,0.5,0.02,11,2257
0,0,0,False,ARSEN HROSU,UKRAINA,POMOCNIK,STAL RZESZÓW,0.464052288,0,1.5,0,11,2255
0,0,0,False,JAN LEOŃCZYK,POLSKA,OBROŃCA,MIEDŹ LEGNICA,0.577159951,0,0.7,0,11,2252
0,0,0,False,KACPER JÓZEFIAK,POLSKA,OBROŃCA,MIEDŹ LEGNICA,0.577159951,0,1.2,0,11,2251
-1.309163711,4,3,False,ALASSANE SIDIBÉ,WYBRZEŻE,POMOCNIK,ARKA GDYNIA,0.654581855,5,1.7,0,11,2249
2.195754717,0,6,False,EDVIN MURATOVIĆ,LUKSEMBURG,NAPASTNIK,ODRA OPOLE,0.156839623,20,1.8,0.01,11,2243
5.677507869,0,6,False,EDVIN MURATOVIĆ,LUKSEMBURG,NAPASTNIK,ODRA OPOLE,0.405536276,20,1.8,0.01,11,2243
0,0,0,False,KORNELIUSZ KRASUSKI,POLSKA,NAPASTNIK,ZNICZ PRUSZKÓW,0.521436460,0,0.5,0.01,11,2241
0,0,0,False,KORNELIUSZ KRASUSKI,POLSKA,NAPASTNIK,ZNICZ PRUSZKÓW,0.313614720,0,0.5,0.01,11,2241
3.866459030,0,3,False,OSKAR TOMCZYK,POLSKA,NAPASTNIK,WISŁA PŁOCK,0.297419925,16,0.9,0.02,11,2238
5.056138732,0,6,False,MARCUS HAGLIND-SANGRÉ,SZWECJA,OBROŃCA,WISŁA PŁOCK,0.297419925,23,2,0.05,11,2236
0,0,0,False,ANTONI GRZELCZAK,POLSKA,POMOCNIK,POLONIA WARSZAWA,0.271131376,0,0.7,0,11,2232
3.795839270,0,4,False,XABIER AUZMENDI,HISZPANIA,POMOCNIK,POLONIA WARSZAWA,0.271131376,18,1.8,0,11,2231
19.369068306,0,14,False,DAMIAN WARCHOŁ,POLSKA,POMOCNIK,GÓRNIK ŁĘCZNA,0.461168293,56,2.1,0.35,11,2223
0.803921569,0,3,False,TEO KURTARAN,WIELKA,POMOCNIK,GKS TYCHY,0.267973856,6,1.7,0,11,2221
1.607843137,10,4,False,JULIUS ERTLTHALER,AUSTRIA,POMOCNIK,GKS TYCHY,0.267973856,20,1.7,0,11,2219
0,0,0,False,JASSE TUOMINEN,FINLANDIA,NAPASTNIK,BRUK-BET TERMALICA NIECIECZA,0.465374751,0,1.9,0,11,2217
14.400800818,10,11,False,TORNIKE GAPRINDASZWILI,GRUZJA,POMOCNIK,ARKA GDYNIA,0.654581855,43,1.8,0.13,11,2215
0,0,0,False,MACIEJ MAĆKOWIAK,POLSKA,OBROŃCA,CHROBRY GŁOGÓW,0.146258133,0,0.7,0,11,2213
0,0,0,False,WOŁODYMYR WERESZCZAK,UKRAINA,OBROŃCA,ARKA GDYNIA,0.654581855,0,0.5,0.01,11,2210
0,0,0,False,ADRIAN JURKIEWICZ,POLSKA,POMOCNIK,ARKA GDYNIA,0.654581855,0,0.5,0,11,2209
0,0,0,False,DOMINIK SARGA,POLSKA,NAPASTNIK,WISŁA KRAKÓW,0.619103774,0,0.5,0,11,2207
0,0,0,False,SZYMON SALAMON,POLSKA,NAPASTNIK,STAL RZESZÓW,0.464052288,0,1,0,11,2206
0,0,0,False,DAWID OLSZAK,POLSKA,BRAMKARZ,GÓRNIK ŁĘCZNA,0.461168293,0,0.5,0.02,11,2204
0,0,0,False,GRZEGORZ WAWRZYŃSKI,POLSKA,OBROŃCA,WISŁA PŁOCK,0.297419925,0,1.2,0,11,2202
0,0,0,False,HUBERT BRYSIAK,POLSKA,OBROŃCA,ZNICZ PRUSZKÓW,0.521436460,0,0.5,0.09,11,2201
0,0,0,False,HUBERT BRYSIAK,POLSKA,OBROŃCA,ZNICZ PRUSZKÓW,0.313614720,0,0.5,0.09,11,2201
2.676779329,0,9,False,IBAN SALVADOR,GWINEA,POMOCNIK,WISŁA PŁOCK,0.297419925,18,1.8,0,11,2197
9.745098039,0,6,False,MILAN ŠIMČÁK,SŁOWACJA,OBROŃCA,STAL RZESZÓW,0.464052288,27,1.6,0.01,11,2195
0,0,0,False,MICHAŁ STESZUK,POLSKA,POMOCNIK,GÓRNIK ŁĘCZNA,0.461168293,0,0.5,0,11,2190
25.058823529,-10,14,False,SÉBASTIEN THILL,LUKSEMBURG,POMOCNIK,STAL RZESZÓW,0.464052288,58,2.2,0.27,11,2189
0,0,0,False,IDRIS MOMOH,NIGERIA,POMOCNIK,MIEDŹ LEGNICA,0.577159951,0,0.8,0,11,2188
16.288116272,0,7,False,LUKAS SPENDLHOFER,AUSTRIA,OBROŃCA,BRUK-BET TERMALICA NIECIECZA,0.465374751,42,1.8,0.1,11,2186
11.301957165,0,14,False,JORGE JIMÉNEZ,HISZPANIA,POMOCNIK,WISŁA PŁOCK,0.297419925,52,2,0.22,11,2185
4.171491683,9,4,False,BARTŁOMIEJ CIEPIELA,POLSKA,POMOCNIK,ZNICZ PRUSZKÓW,0.521436460,21,1.7,0,11,2180
2.508917763,9,4,False,BARTŁOMIEJ CIEPIELA,POLSKA,POMOCNIK,ZNICZ PRUSZKÓW,0.313614720,21,1.7,0,11,2180
0,0,0,False,SZYMON PANASIUK,POLSKA,OBROŃCA,STAL RZESZÓW,0.464052288,0,0.7,0,11,2178
3.215686275,0,5,False,MARKO DIJAKOVIC,AUSTRIA,OBROŃCA,GKS TYCHY,0.267973856,17,1.8,0.01,11,2176
0,0,0,False,DIN SULA,BELGIA,NAPASTNIK,ODRA OPOLE,0.156839623,0,1.9,0,11,2175
0,0,0,False,DIN SULA,BELGIA,NAPASTNIK,ODRA OPOLE,0.405536276,0,1.9,0,11,2175
0,0,0,False,DENIS MATYŚKIEWICZ,POLSKA,POMOCNIK,GKS TYCHY,0.267973856,0,0.5,0,11,2173
6.191037736,0,8,False,MARC CARBÓ,HISZPANIA,POMOCNIK,WISŁA KRAKÓW,0.619103774,18,1.7,0.02,11,2171
9.811719162,0,6,False,MARCEL MANSFELD,NIEMCY,NAPASTNIK,MIEDŹ LEGNICA,0.577159951,23,1.8,0.01,11,2164
0,0,0,False,MICHAŁ SIENICKI,POLSKA,OBROŃCA,GÓRNIK ŁĘCZNA,0.461168293,0,0.5,0.01,11,2161
6.191037736,0,2,False,PATRYK GOGÓŁ,POLSKA,POMOCNIK,WISŁA KRAKÓW,0.619103774,12,1.6,0,11,2160
0,0,0,False,BARTOSZ BORKOWSKI,POLSKA,POMOCNIK,POGOŃ SIEDLCE,0.230195120,0,0.5,0.01,11,2157
0,0,0,False,KUBA WIŚNIEWSKI,POLSKA,OBROŃCA,WISŁA KRAKÓW,0.619103774,0,0.5,0.01,11,2147
0,0,0,False,WIKTOR SAWICKI,POLSKA,NAPASTNIK,ARKA GDYNIA,0.654581855,0,0.5,0.01,11,2145
9.905660377,0,5,False,ÁNGEL BAENA,HISZPANIA,POMOCNIK,WISŁA KRAKÓW,0.619103774,21,1.8,0.03,11,2143
0,0,0,False,BARTOSZ ZYNEK,POLSKA,POMOCNIK,WISŁA PŁOCK,0.297419925,0,0.9,0,11,2141
0,0,0,False,PIOTR ZIELIŃSKI,POLSKA,BRAMKARZ,WISŁA PŁOCK,0.297419925,0,1.2,0,11,2140
0,0,0,False,SZYMON LEŚNIEWSKI,POLSKA,POMOCNIK,WISŁA PŁOCK,0.297419925,0,0.7,0,11,2139
0,0,0,False,JAKUB MIARKA,POLSKA,POMOCNIK,WISŁA PŁOCK,0.297419925,0,0.7,0,11,2138
0,0,0,False,KAROL TOKARCZYK,POLSKA,POMOCNIK,WISŁA KRAKÓW,0.619103774,0,0.5,0,11,2136
0,0,6,False,PATRYK LETKIEWICZ,POLSKA,BRAMKARZ,WISŁA KRAKÓW,0.619103774,6,0.5,0.02,11,2135
6.191037736,0,6,False,MARIUSZ KUTWA,POLSKA,OBROŃCA,WISŁA KRAKÓW,0.619103774,16,0.7,0.14,11,2134
2.784313725,20,6,False,KAROL ŁYSIAK,POLSKA,POMOCNIK,STAL RZESZÓW,0.464052288,32,1.8,0.01,11,2133
0,0,0,False,KACPER LASKOWSKI,POLSKA,POMOCNIK,WISŁA PŁOCK,0.297419925,0,1.4,0,11,2131
0,0,0,False,JAKUB KOROLEWICZ,POLSKA,BRAMKARZ,CHROBRY GŁOGÓW,0.146258133,0,0.7,0,11,2128
6.431372549,-10,13,False,JAKUB BUDNICKI,POLSKA,OBROŃCA,GKS TYCHY,0.267973856,27,1.9,0.01,11,2127
7.424836601,10,10,False,PATRYK WARCZAK,POLSKA,OBROŃCA,STAL RZESZÓW,0.464052288,36,1.8,0.08,11,2124
1.238207547,0,8,False,JESUS ALFARO,HISZPANIA,POMOCNIK,WISŁA KRAKÓW,0.619103774,10,1.8,0,11,2120
9.745098039,0,8,False,CÉSAR PEÑA,KOLUMBIA,OBROŃCA,STAL RZESZÓW,0.464052288,29,1.6,0.03,11,2115
3.607311321,-9,9,False,JIŘÍ PIROCH,CZECHY,OBROŃCA,ODRA OPOLE,0.156839623,23,1.8,0.03,11,2109
9.327334356,-9,9,False,JIŘÍ PIROCH,CZECHY,OBROŃCA,ODRA OPOLE,0.405536276,23,1.8,0.03,11,2109
0,0,0,False,JÓZEF BURTA,POLSKA,BRAMKARZ,ODRA OPOLE,0.156839623,0,1.4,0,11,2108
0,0,0,False,JÓZEF BURTA,POLSKA,BRAMKARZ,ODRA OPOLE,0.405536276,0,1.4,0,11,2108
6.917524395,0,3,False,FRYDERYK JANASZEK,POLSKA,POMOCNIK,GÓRNIK ŁĘCZNA,0.461168293,18,1,0.01,11,2106
2.947712418,0,3,False,WIKTOR NIEWIAROWSKI,POLSKA,POMOCNIK,GKS TYCHY,0.267973856,14,1.6,0,11,2105
6.049871758,20,8,False,MORGAN FASSBENDER,NIEMCY,POMOCNIK,BRUK-BET TERMALICA NIECIECZA,0.465374751,41,1.8,0.02,11,2098
0,0,0,False,ERWIN BAHONKO,POLSKA,POMOCNIK,BRUK-BET TERMALICA NIECIECZA,0.465374751,0,0.5,0,11,2096
6.115698602,0,9,False,MATEUSZ SZWOCH,POLSKA,POMOCNIK,RUCH CHORZÓW,0.555972600,20,1.8,0.01,11,2094
0,0,0,False,GLEB KUCZKO,BIAŁORUŚ,POMOCNIK,WISŁA PŁOCK,0.297419925,0,1.6,0,11,2091
4.163878956,0,4,False,JAKUB SZYMAŃSKI,POLSKA,OBROŃCA,WISŁA PŁOCK,0.297419925,18,1.8,0.01,11,2087
0,0,0,False,KAMIL ZAPYTOWSKI,POLSKA,BRAMKARZ,WISŁA PŁOCK,0.297419925,0,0.5,0.04,11,2084
0,0,6,False,BARTŁOMIEJ GRADECKI,POLSKA,BRAMKARZ,WISŁA PŁOCK,0.297419925,6,1.8,0,11,2082
16.160478620,0,12,False,WIKTOR BOGACZ,POLSKA,NAPASTNIK,MIEDŹ LEGNICA,0.577159951,40,1.8,0.2,11,2080
11.543199015,0,8,False,KAMIL DRYGAS,POLSKA,POMOCNIK,MIEDŹ LEGNICA,0.577159951,28,2.1,0.04,11,2078
10.966039064,0,6,False,MICHAEL KOSTKA,POLSKA,OBROŃCA,MIEDŹ LEGNICA,0.577159951,25,1.8,0.01,11,2077
0,0,0,False,FILIP CHADAŁA,POLSKA,BRAMKARZ,MIEDŹ LEGNICA,0.577159951,0,0.5,0.02,11,2075
7.049415788,-10,9,False,İLKAY DURMUŞ,NIEMCY,POMOCNIK,POLONIA WARSZAWA,0.271131376,25,1.9,0.03,11,2070
0,0,0,False,SZYMON JANNASZ,POLSKA,POMOCNIK,ZNICZ PRUSZKÓW,0.521436460,0,0.5,0.02,11,2060
0,0,0,False,SZYMON JANNASZ,POLSKA,POMOCNIK,ZNICZ PRUSZKÓW,0.313614720,0,0.5,0.02,11,2060
0,0,0,False,FILIP SKŁADOWSKI,POLSKA,NAPASTNIK,ZNICZ PRUSZKÓW,0.521436460,0,0.5,0.01,11,2059
0,0,0,False,FILIP SKŁADOWSKI,POLSKA,NAPASTNIK,ZNICZ PRUSZKÓW,0.313614720,0,0.5,0.01,11,2059
6.686940249,-10,4,False,JURIJ TKACZUK,UKRAINA,POMOCNIK,WARTA POZNAŃ,0.267477610,19,1.5,0.01,11,2058
3.449761924,0,4,False,KRYSTIAN TABARA,POLSKA,POMOCNIK,ZNICZ PRUSZKÓW,0.313614720,15,1.7,0,11,2057
5.735801064,0,4,False,KRYSTIAN TABARA,POLSKA,POMOCNIK,ZNICZ PRUSZKÓW,0.521436460,15,1.7,0,11,2057
2.508917763,0,2,False,TYMON PROCZEK,POLSKA,POMOCNIK,ZNICZ PRUSZKÓW,0.313614720,10,1.6,0,11,2056
4.171491683,0,2,False,TYMON PROCZEK,POLSKA,POMOCNIK,ZNICZ PRUSZKÓW,0.521436460,10,1.6,0,11,2056
2.379359403,10,7,False,KRYSTIAN POMORSKI,POLSKA,POMOCNIK,WISŁA PŁOCK,0.297419925,25,1.8,0.01,11,2055
0.627229441,0,2,False,KACPER FLISIUK,POLSKA,POMOCNIK,ZNICZ PRUSZKÓW,0.313614720,4,0.8,0,11,2053
1.042872921,0,2,False,KACPER FLISIUK,POLSKA,POMOCNIK,ZNICZ PRUSZKÓW,0.521436460,4,0.8,0,11,2053
-1.042872921,0,8,False,FILIP KENDZIA,POLSKA,OBROŃCA,ZNICZ PRUSZKÓW,0.521436460,6,1.4,0,11,2050
-0.627229441,0,8,False,FILIP KENDZIA,POLSKA,OBROŃCA,ZNICZ PRUSZKÓW,0.313614720,6,1.4,0,11,2050
0,0,1,False,DMYTRO JUCHYMOWYCZ,UKRAINA,OBROŃCA,ZNICZ PRUSZKÓW,0.313614720,1,1.7,0,11,2049
0,0,1,False,DMYTRO JUCHYMOWYCZ,UKRAINA,OBROŃCA,ZNICZ PRUSZKÓW,0.521436460,1,1.7,0,11,2049
0,0,0,False,MAKSYMILIAN BREJNAK,POLSKA,OBROŃCA,ZNICZ PRUSZKÓW,0.521436460,0,0.5,0.05,11,2048
0,0,0,False,MAKSYMILIAN BREJNAK,POLSKA,OBROŃCA,ZNICZ PRUSZKÓW,0.313614720,0,0.5,0.05,11,2048
10.428729208,0,8,False,PIOTR MISZTAL,POLSKA,BRAMKARZ,ZNICZ PRUSZKÓW,0.521436460,28,1.6,0.08,11,2046
6.272294407,0,8,False,PIOTR MISZTAL,POLSKA,BRAMKARZ,ZNICZ PRUSZKÓW,0.313614720,28,1.6,0.08,11,2046
3.795839270,0,10,False,OLIWIER WOJCIECHOWSKI,POLSKA,POMOCNIK,POLONIA WARSZAWA,0.271131376,24,1,0.01,11,2044
0,0,1,False,MYKYTA WASIN,POLSKA,POMOCNIK,POLONIA WARSZAWA,0.271131376,1,1.3,0,11,2043
0,0,0,False,ADAM SMULSKI,POLSKA,POMOCNIK,POLONIA WARSZAWA,0.271131376,0,0.5,0.02,11,2042
3.524707894,0,3,False,KRZYSZTOF KOTON,POLSKA,POMOCNIK,POLONIA WARSZAWA,0.271131376,16,1.8,0,11,2041
0,0,0,False,ERYK MIKOŁAJEWSKI,POLSKA,OBROŃCA,POLONIA WARSZAWA,0.271131376,0,0.9,0.01,11,2039
0,0,0,False,MICHAŁ LITWA,POLSKA,NAPASTNIK,GÓRNIK ŁĘCZNA,0.461168293,0,1.2,0,11,2036
1.660504833,0,4,False,KAMIL WOJTKOWSKI,POLSKA,POMOCNIK,STAL STALOWA WOLA,0.207563104,12,1.3,0.01,11,2033
0,0,0,False,ADAM WÓJCIK,POLSKA,BRAMKARZ,ODRA OPOLE,0.156839623,0,0.5,0.05,11,2021
0,0,0,False,ADAM WÓJCIK,POLSKA,BRAMKARZ,ODRA OPOLE,0.405536276,0,0.5,0.05,11,2021
0,0,0,False,JAKUB LOREK,POLSKA,POMOCNIK,STAL RZESZÓW,0.464052288,0,0.5,0,11,2019
0,0,0,False,MARCEL POTOCZNY,POLSKA,BRAMKARZ,RUCH CHORZÓW,0.555972600,0,0.9,0,11,2018
0.465374751,0,8,False,DANIEL CIEŚLA,POLSKA,OBROŃCA,BRUK-BET TERMALICA NIECIECZA,0.465374751,9,0.5,0.02,11,2017
3.209731319,0,6,False,KACPER PRZYBYŁKO,POLSKA,OBROŃCA,WARTA POZNAŃ,0.267477610,18,1.2,0.01,11,2013
3.927491132,0,2,False,WOJCIECH ZIELIŃSKI,POLSKA,POMOCNIK,ARKA GDYNIA,0.654581855,8,0.5,0.01,11,2010
11.068039032,0,7,False,JAKUB BEDNARCZYK,POLSKA,POMOCNIK,GÓRNIK ŁĘCZNA,0.461168293,31,1.8,0.01,11,2009
4.176470588,20,13,False,SZYMON ŁYCZKO,POLSKA,POMOCNIK,STAL RZESZÓW,0.464052288,42,1.8,0.03,11,2008
3.095518868,0,10,False,JAMES IGBEKEME,NIGERIA,POMOCNIK,WISŁA KRAKÓW,0.619103774,15,1.8,0,11,2001
1.396124252,0,12,False,WOJCIECH JAKUBIK,POLSKA,NAPASTNIK,BRUK-BET TERMALICA NIECIECZA,0.465374751,15,1.6,0.01,11,2000
2.778904533,0,8,False,SZYMON BARTLEWICZ,POLSKA,POMOCNIK,CHROBRY GŁOGÓW,0.146258133,27,1.8,0.03,11,1999
0.146258133,0,6,False,NATAN MALCZUK,POLSKA,OBROŃCA,CHROBRY GŁOGÓW,0.146258133,7,1.6,0,11,1998
0,0,0,False,MIKOŁAJ OLEKSY,POLSKA,POMOCNIK,GKS TYCHY,0.267973856,0,0.5,0.01,11,1997
0,0,4,False,SZYMON KRAWCZYK,POLSKA,POMOCNIK,GÓRNIK ŁĘCZNA,0.461168293,4,0.8,0,11,1996
3.712418301,10,4,False,SZYMON KĄDZIOŁKA,POLSKA,POMOCNIK,STAL RZESZÓW,0.464052288,22,1.6,0,11,1993
38.092556748,-20,12,False,FLORIAN HARTHERZ,NIEMCY,OBROŃCA,MIEDŹ LEGNICA,0.577159951,58,2,0.46,11,1992
14.891992021,0,15,False,ANDRZEJ TRUBEHA,POLSKA,POMOCNIK,BRUK-BET TERMALICA NIECIECZA,0.465374751,47,1.8,0.2,11,1986
0,0,0,False,ADRIAN TWORZYDŁO,POLSKA,POMOCNIK,CHROBRY GŁOGÓW,0.146258133,0,0.7,0,11,1983
0,0,1,False,SZYMON SZKLIŃSKI,POLSKA,POMOCNIK,ODRA OPOLE,0.405536276,1,0.5,0,11,1980
0,0,1,False,SZYMON SZKLIŃSKI,POLSKA,POMOCNIK,ODRA OPOLE,0.156839623,1,0.5,0,11,1980
16.795478141,0,15,False,MICHAŁ MOKRZYCKI,POLSKA,POMOCNIK,ŁKS ŁÓDŹ,0.430653286,54,1.9,0.07,11,1978
1.901355733,0,6,False,MATEUSZ OZIMEK,POLSKA,POMOCNIK,CHROBRY GŁOGÓW,0.146258133,19,1.7,0,11,1976
0.928104575,0,3,False,MARCIN KACZOR,POLSKA,POMOCNIK,STAL RZESZÓW,0.464052288,5,0.5,0,11,1967
0,0,0,False,OŁEKSANDR AZAĆKYJ,UKRAINA,OBROŃCA,ARKA GDYNIA,0.654581855,0,1.8,0,11,1948
0.464052288,0,2,False,KACPER PAŚKO,POLSKA,OBROŃCA,STAL RZESZÓW,0.464052288,3,0.7,0,11,1939
0,0,0,False,JAKUB RACINIEWSKI,POLSKA,BRAMKARZ,STAL RZESZÓW,0.464052288,0,1,0.01,11,1937
4.306532857,0,6,False,ARTEMIJUS TUTYŠKINAS,LITWA,OBROŃCA,ŁKS ŁÓDŹ,0.430653286,16,1.8,0,11,1932
5.996583466,-40,2,False,SZYMON LEWKOT,POLSKA,POMOCNIK,CHROBRY GŁOGÓW,0.146258133,3,1.6,0,11,1931
0,0,0,False,JAKUB CIEŚLICKI,POLSKA,POMOCNIK,CHROBRY GŁOGÓW,0.146258133,0,0.5,0,11,1929
2.982445141,-10,5,False,SOULEYMANE CISSE,SENEGAL,OBROŃCA,POLONIA WARSZAWA,0.271131376,6,1.8,0.01,11,1924
23.525943396,0,12,False,ÁNGEL RODADO,HISZPANIA,NAPASTNIK,WISŁA KRAKÓW,0.619103774,50,3.3,0.5,11,1922
0,0,0,False,MARCIN BARTOŃ,POLSKA,NAPASTNIK,WISŁA KRAKÓW,0.619103774,0,0.5,0.01,11,1921
0,0,0,False,MIKOŁAJ KILISZEK,POLSKA,BRAMKARZ,GÓRNIK ŁĘCZNA,0.461168293,0,0.5,0.02,11,1920
0,0,0,False,BARTOSZ TALAR,POLSKA,POMOCNIK,WISŁA KRAKÓW,0.619103774,0,1,0,11,1919
0,0,0,False,KACPER SKROBAŃSKI,POLSKA,OBROŃCA,WISŁA KRAKÓW,0.619103774,0,1.4,0,11,1915
0,0,0,False,DAMIAN ZBOZIEŃ,POLSKA,OBROŃCA,GÓRNIK ŁĘCZNA,0.461168293,0,1.8,0.01,11,1914
1.755097600,-10,3,False,ALBERT ZARÓWNY,POLSKA,OBROŃCA,CHROBRY GŁOGÓW,0.146258133,5,1.7,0.01,11,1903
7.888888889,0,5,False,BENEDYKT PIOTROWSKI,POLSKA,POMOCNIK,STAL RZESZÓW,0.464052288,22,0.6,0.04,11,1902
3.524707894,0,7,False,MARCEL PREDENKIEWICZ,POLSKA,POMOCNIK,POLONIA WARSZAWA,0.271131376,20,1.4,0,11,1901
0,0,0,False,KAMIL BRODA,POLSKA,BRAMKARZ,WISŁA KRAKÓW,0.619103774,0,1.3,0.01,11,1900
3.335835601,0,6,False,BARTŁOMIEJ BARAŃSKI,POLSKA,NAPASTNIK,RUCH CHORZÓW,0.555972600,12,0.8,0.01,11,1898
0,0,0,False,MICHAŁ PLOCH,POLSKA,POMOCNIK,GKS TYCHY,0.267973856,0,0.7,0,11,1893
0,0,0,False,EGZON KRYEZIU,SŁOWENIA,POMOCNIK,GÓRNIK ŁĘCZNA,0.461168293,0,2,0.01,11,1891
0,0,0,False,DAWID OLEJARKA,POLSKA,POMOCNIK,ZNICZ PRUSZKÓW,0.313614720,0,1.5,0,11,1885
0,0,0,False,DAWID OLEJARKA,POLSKA,POMOCNIK,ZNICZ PRUSZKÓW,0.521436460,0,1.5,0,11,1885
0.930749501,0,2,False,BARTOSZ FARBISZEWSKI,POLSKA,OBROŃCA,BRUK-BET TERMALICA NIECIECZA,0.465374751,4,0.6,0.01,11,1883
0,0,0,False,ERIC TOPÓR,POLSKA,BRAMKARZ,POGOŃ SIEDLCE,0.230195120,0,1.3,0.01,11,1882
0,0,0,False,KACPER DUDA,POLSKA,POMOCNIK,WISŁA KRAKÓW,0.619103774,0,1.8,0,11,1881
0,0,0,False,WIKTOR SZYWACZ,POLSKA,POMOCNIK,WISŁA KRAKÓW,0.619103774,0,1.2,0,11,1880
0,0,0,False,FRANCISZEK POLOWIEC,POLSKA,OBROŃCA,STAL RZESZÓW,0.464052288,0,1.4,0,11,1870
0,0,0,False,MATEUSZ GOLBA,POLSKA,NAPASTNIK,GÓRNIK ŁĘCZNA,0.461168293,0,0.5,0,11,1867
1.901355733,0,5,False,DAWID HANC,POLSKA,POMOCNIK,CHROBRY GŁOGÓW,0.146258133,18,1.7,0,11,1866
3.272909277,0,2,False,JAKUB STANISZEWSKI,POLSKA,POMOCNIK,ARKA GDYNIA,0.654581855,7,0.8,0.01,11,1862
31.134465609,-30,6,False,MACIEJ SADLOK,POLSKA,OBROŃCA,RUCH CHORZÓW,0.555972600,32,1.8,0.06,11,1859
1.042872921,18,4,False,PATRYK PLEWKA,POLSKA,POMOCNIK,ZNICZ PRUSZKÓW,0.521436460,24,1.5,0.01,11,1853
0.627229441,18,4,False,PATRYK PLEWKA,POLSKA,POMOCNIK,ZNICZ PRUSZKÓW,0.313614720,24,1.5,0.01,11,1853
0,0,0,False,ENIS FAZLAGIĆ,MACEDONIA,POMOCNIK,WISŁA KRAKÓW,0.619103774,0,1.7,0,11,1849
0,0,0,False,DAWID SZOT,POLSKA,OBROŃCA,WISŁA KRAKÓW,0.619103774,0,1.7,0,11,1844
20.430424528,-22,6,False,ALAN URYGA,POLSKA,OBROŃCA,WISŁA KRAKÓW,0.619103774,17,1.7,0.05,11,1842
0,0,5,False,JOSEPH COLLEY,SZWECJA,OBROŃCA,WISŁA KRAKÓW,0.619103774,5,1.7,0.01,11,1841
0,0,0,False,GERARD BIESZCZAD,POLSKA,BRAMKARZ,STAL RZESZÓW,0.464052288,0,1.5,0,11,1832
0,0,0,False,MICHAŁ SZAŁACHOWSKI,POLSKA,NAPASTNIK,GÓRNIK ŁĘCZNA,0.461168293,0,0.5,0.01,11,1818
0,0,0,False,TOMASZ WOŹNIAK,POLSKA,BRAMKARZ,GÓRNIK ŁĘCZNA,0.461168293,0,1,0,11,1808
0,0,0,False,PATRYK PIERZAK,POLSKA,POMOCNIK,MIEDŹ LEGNICA,0.577159951,0,1.3,0,11,1806
-0.534955220,0,2,False,IWAJŁO MARKOW,BUŁGARIA,OBROŃCA,WARTA POZNAŃ,0.267477610,0,1.7,0,11,1796
13.383896643,-40,3,False,DAVID NIEPSUJ,POLSKA,OBROŃCA,WISŁA PŁOCK,0.297419925,8,1.7,0.01,11,1790
0.784198113,0,2,False,WOJCIECH BŁYSZKO,POLSKA,OBROŃCA,ODRA OPOLE,0.156839623,7,1.7,0,11,1788
2.027681382,0,2,False,WOJCIECH BŁYSZKO,POLSKA,OBROŃCA,ODRA OPOLE,0.405536276,7,1.7,0,11,1788
5.119122257,10,4,False,TARAS ZAWIJŚKYJ,UKRAINA,POMOCNIK,BRUK-BET TERMALICA NIECIECZA,0.465374751,25,1.7,0,11,1785
5.119122257,20,8,False,ANDRIJ DOMBROWŚKYJ,UKRAINA,POMOCNIK,BRUK-BET TERMALICA NIECIECZA,0.465374751,39,1.7,0,11,1784
3.483660131,0,5,False,MARCEL BŁACHEWICZ,POLSKA,OBROŃCA,GKS TYCHY,0.267973856,18,1.8,0.01,11,1781
3.524707894,0,6,False,PRZEMYSŁAW SZUR,POLSKA,OBROŃCA,POLONIA WARSZAWA,0.271131376,19,1.8,0,11,1774
6.954417859,-10,11,False,KACPER MICHALSKI,POLSKA,OBROŃCA,WARTA POZNAŃ,0.267477610,27,1.8,0,11,1773
0,0,0,False,JANUSZ GOL,POLSKA,POMOCNIK,ARKA GDYNIA,0.654581855,0,1.8,0,11,1771
8.048349057,-11,6,False,IGOR ŁASICKI,POLSKA,OBROŃCA,WISŁA KRAKÓW,0.619103774,8,1.7,0,11,1766
0,0,0,False,MAKSYMILIAN PASZKOWSKI,POLSKA,POMOCNIK,ODRA OPOLE,0.156839623,0,0.5,0,11,1759
0,0,0,False,MAKSYMILIAN PASZKOWSKI,POLSKA,POMOCNIK,ODRA OPOLE,0.405536276,0,0.5,0,11,1759
1.963745566,0,2,False,KASJAN LIPKOWSKI,POLSKA,OBROŃCA,ARKA GDYNIA,0.654581855,5,1.6,0,11,1741
0.555972600,0,2,False,FILIP BOROWSKI,POLSKA,OBROŃCA,RUCH CHORZÓW,0.555972600,3,1.4,0,11,1734
8.947335423,-20,12,False,ŁUKASZ ZJAWIŃSKI,POLSKA,NAPASTNIK,POLONIA WARSZAWA,0.271131376,25,1.8,0.02,11,1724
0,0,0,False,STANISŁAW CZARNOGŁOWSKI,POLSKA,BRAMKARZ,GKS TYCHY,0.267973856,0,0.5,0.02,11,1707
9.385856287,0,6,False,WŁADYSŁAW OCHRONCZUK,UKRAINA,POMOCNIK,ZNICZ PRUSZKÓW,0.521436460,24,1.8,0.01,11,1702
5.645064967,0,6,False,WŁADYSŁAW OCHRONCZUK,UKRAINA,POMOCNIK,ZNICZ PRUSZKÓW,0.313614720,24,1.8,0.01,11,1702
0,0,0,False,KRZYSZTOF MACHOWSKI,POLSKA,OBROŃCA,GKS TYCHY,0.267973856,0,1.7,0,11,1688
9.629193958,-30,8,False,TOMASZ WOJCINOWICZ,POLSKA,OBROŃCA,WARTA POZNAŃ,0.267477610,14,1.8,0,11,1674
10.966039064,0,10,False,VICTOR MOYA MARTINEZ,HISZPANIA,POMOCNIK,MIEDŹ LEGNICA,0.577159951,29,2.1,0.03,11,1670
0,3,4,False,SHUN SHIBATA,JAPONIA,POMOCNIK,WARTA POZNAŃ,0.267477610,7,1.6,0,11,1668
2.767009758,0,2,False,HUBERT TURSKI,POLSKA,NAPASTNIK,GÓRNIK ŁĘCZNA,0.461168293,8,1.5,0,11,1666
0,0,0,False,DORIAN ORLIŃSKI,POLSKA,POMOCNIK,GKS TYCHY,0.267973856,0,0.5,0,11,1651
0.877548800,0,16,False,MATEUSZ LEWANDOWSKI,POLSKA,NAPASTNIK,CHROBRY GŁOGÓW,0.146258133,22,1.7,0.01,11,1650
0,0,0,False,MIŁOSZ JANDZIAK,POLSKA,POMOCNIK,CHROBRY GŁOGÓW,0.146258133,0,0.5,0,11,1649
15.357366771,0,19,False,KACPER KARASEK,POLSKA,POMOCNIK,BRUK-BET TERMALICA NIECIECZA,0.465374751,52,2,0.16,11,1626
0,0,1,False,ALEKSANDER PAWLAK,POLSKA,POMOCNIK,ŁKS ŁÓDŹ,0.430653286,1,1.5,0,11,1618
10.209150327,10,7,False,KRZYSZTOF BĄKOWSKI,POLSKA,BRAMKARZ,STAL RZESZÓW,0.464052288,39,1.7,0.07,11,1616
4.866435316,0,11,False,DAWID WOLNY,POLSKA,NAPASTNIK,ODRA OPOLE,0.405536276,23,1.5,0.01,11,1615
1.882075472,0,11,False,DAWID WOLNY,POLSKA,NAPASTNIK,ODRA OPOLE,0.156839623,23,1.5,0.01,11,1615
1.868067937,0,4,False,SEBASTIAN STRÓZIK,POLSKA,NAPASTNIK,STAL STALOWA WOLA,0.207563104,13,1.6,0.01,11,1613
0.461168293,0,8,False,BRANISLAV PINDROCH,SŁOWACJA,BRAMKARZ,GÓRNIK ŁĘCZNA,0.461168293,9,1.7,0.02,11,1611
4.834097527,-10,7,False,TITAS MILAŠIUS,LITWA,POMOCNIK,POGOŃ SIEDLCE,0.230195120,18,1.6,0.01,11,1605
0,0,1,False,MACIEJ KOWALSKI-HABEREK,POLSKA,OBROŃCA,POLONIA WARSZAWA,0.271131376,1,1.6,0,11,1602
0,0,0,False,MATEUSZ MAĆKOWIAK,POLSKA,OBROŃCA,WARTA POZNAŃ,0.267477610,0,1.6,0,11,1597
0.267973856,0,2,False,NATAN DZIĘGIELEWSKI,POLSKA,POMOCNIK,GKS TYCHY,0.267973856,3,1,0,11,1579
0,0,0,False,BARTOSZ ZARĘBSKI,POLSKA,OBROŃCA,GKS TYCHY,0.267973856,0,0.5,0.02,11,1578
5.559726002,0,7,False,JAKUB SZYMAŃSKI,POLSKA,BRAMKARZ,RUCH CHORZÓW,0.555972600,17,1.8,0.04,11,1537
1.608839466,0,5,False,PATRYK SZWEDZIK,POLSKA,NAPASTNIK,CHROBRY GŁOGÓW,0.146258133,16,1.7,0,11,1533
3.116663734,0,4,False,FILIP KOZŁOWSKI,POLSKA,NAPASTNIK,KOTWICA KOŁOBRZEG,0.194791483,20,1.5,0,11,1532
0,0,0,False,DOMINIK KOŚCIELNIAK,POLSKA,POMOCNIK,STAL STALOWA WOLA,0.207563104,0,1.4,0,11,1531
8.301029274,0,7,False,MATEUSZ BRODA,POLSKA,OBROŃCA,GÓRNIK ŁĘCZNA,0.461168293,25,1.5,0.13,11,1527
3.445226285,0,11,False,ALEKSANDER BOBEK,POLSKA,BRAMKARZ,ŁKS ŁÓDŹ,0.430653286,19,2,0.03,11,1522
1.071895425,10,4,False,MARCIN SZPAKOWSKI,POLSKA,POMOCNIK,GKS TYCHY,0.267973856,18,1.7,0,11,1498
9.307495013,20,11,False,MACIEJ AMBROSIEWICZ,POLSKA,POMOCNIK,BRUK-BET TERMALICA NIECIECZA,0.465374751,51,1.9,0.14,11,1490
0.146258133,0,1,False,ADRIAN SZCZUTOWSKI,POLSKA,NAPASTNIK,CHROBRY GŁOGÓW,0.146258133,2,1.6,0,11,1487
5.534019516,0,3,False,FILIP SZABACIUK,POLSKA,OBROŃCA,GÓRNIK ŁĘCZNA,0.461168293,15,1.4,0,11,1486
0.584374450,20,4,False,FILIPE OLIVEIRA,PORTUGALIA,POMOCNIK,KOTWICA KOŁOBRZEG,0.194791483,27,1.7,0.01,11,1466
13.091637107,0,7,False,KACPER SKÓRA,POLSKA,POMOCNIK,ARKA GDYNIA,0.654581855,27,1.9,0.05,11,1452
0,0,0,False,JAKUB WITEK,POLSKA,POMOCNIK,WISŁA PŁOCK,0.297419925,0,1,0,11,1425
11.627638713,0,11,False,KAMIL DANKOWSKI,POLSKA,OBROŃCA,ŁKS ŁÓDŹ,0.430653286,38,1.9,0.12,11,1423
0.877548800,0,3,False,PAWEŁ TUPAJ,POLSKA,POMOCNIK,CHROBRY GŁOGÓW,0.146258133,9,1.5,0,11,1403
0,0,6,False,KAROL PODLIŃSKI,POLSKA,NAPASTNIK,POGOŃ SIEDLCE,0.230195120,6,1.7,0,11,1400
0,0,0,False,OLAF NOWAK,POLSKA,NAPASTNIK,KOTWICA KOŁOBRZEG,0.194791483,0,1.4,0.01,11,1396
0,0,0,False,NIKOLAS KORZENIECKI,POLSKA,POMOCNIK,CHROBRY GŁOGÓW,0.146258133,0,1.4,0,11,1393
14.428998768,0,7,False,MATEUSZ GRUDZIŃSKI,POLSKA,OBROŃCA,MIEDŹ LEGNICA,0.577159951,32,1.8,0.01,11,1391
1.316323200,0,10,False,KRZYSZTOF WRÓBLEWSKI,POLSKA,BRAMKARZ,CHROBRY GŁOGÓW,0.146258133,19,1.7,0,11,1367
0.405536276,0,2,False,DAWID CZAPLIŃSKI,POLSKA,POMOCNIK,ODRA OPOLE,0.405536276,3,1.7,0,11,1365
0.156839623,0,2,False,DAWID CZAPLIŃSKI,POLSKA,POMOCNIK,ODRA OPOLE,0.156839623,3,1.7,0,11,1365
1.604865660,0,7,False,WIKTOR PLEŚNIEROWICZ,POLSKA,OBROŃCA,WARTA POZNAŃ,0.267477610,13,1.8,0.01,11,1358
7.489373078,-10,8,False,JĘDRZEJ GROBELNY,POLSKA,BRAMKARZ,WARTA POZNAŃ,0.267477610,26,1.8,0.03,11,1357
17.985563427,0,12,False,PRZEMYSŁAW BANASZAK,POLSKA,NAPASTNIK,GÓRNIK ŁĘCZNA,0.461168293,51,2,0.3,11,1356
4.019607843,0,6,False,NEMANJA NEDIĆ,CZARNOGÓRA,OBROŃCA,GKS TYCHY,0.267973856,21,1.8,0.04,11,1352
2.153266428,0,2,False,KELECHUKWU IBE-TORTI,NIGERIA,POMOCNIK,ŁKS ŁÓDŹ,0.430653286,7,1.8,0,11,1335
0,0,0,False,MARCEL WSZOŁEK,POLSKA,POMOCNIK,ŁKS ŁÓDŹ,0.430653286,0,1.5,0,11,1331
3.014573000,0,2,False,JOSÉ ANTONIO PIRULO,HISZPANIA,POMOCNIK,ŁKS ŁÓDŹ,0.430653286,9,2.3,0.05,11,1325
3.943698977,-10,2,False,ŁUKASZ SOSZYŃSKI,POLSKA,POMOCNIK,STAL STALOWA WOLA,0.207563104,11,1.4,0,11,1311
0,0,2,False,MATEUSZ MŁYŃSKI,POLSKA,POMOCNIK,WISŁA KRAKÓW,0.619103774,2,2,0.01,11,1309
8.762197567,0,8,False,ADAM DEJA,POLSKA,POMOCNIK,GÓRNIK ŁĘCZNA,0.461168293,27,1.8,0.01,11,1304
16.160478620,0,14,False,KAMIL ANTONIK,POLSKA,POMOCNIK,MIEDŹ LEGNICA,0.577159951,42,1.8,0.04,11,1303
20.292037517,10,10,False,MICHAŁ MARCJANIK,POLSKA,OBROŃCA,ARKA GDYNIA,0.654581855,51,2.2,0.3,11,1300
9.811719162,-10,7,False,BARTOSZ KWIECIEŃ,POLSKA,OBROŃCA,MIEDŹ LEGNICA,0.577159951,14,1.8,0.02,11,1298
0,0,0,False,KACPER KRZEPISZ,POLSKA,BRAMKARZ,KOTWICA KOŁOBRZEG,0.194791483,0,1.5,0,11,1295
2.142706317,10,10,False,ZVONIMIR PETROVIĆ,BOŚNIA,POMOCNIK,KOTWICA KOŁOBRZEG,0.194791483,31,1.7,0.01,11,1289
12.120358965,0,14,False,IWO KACZMARSKI,POLSKA,POMOCNIK,MIEDŹ LEGNICA,0.577159951,35,1.7,0.05,11,1286
1.037815520,10,6,False,JAKUB GÓRSKI,POLSKA,POMOCNIK,STAL STALOWA WOLA,0.207563104,21,1.6,0.01,11,1285
8.509564120,20,10,False,KAROL CZUBAK,POLSKA,NAPASTNIK,ARKA GDYNIA,0.654581855,43,3.1,0.22,11,1273
3.656453333,-10,7,False,PATRYK MUCHA,POLSKA,POMOCNIK,CHROBRY GŁOGÓW,0.146258133,22,1.7,0,11,1270
11.882280486,-40,9,False,ŁUKASZ KOSAKIEWICZ,POLSKA,OBROŃCA,KOTWICA KOŁOBRZEG,0.194791483,30,1.8,0.05,11,1264
-0.622689312,0,5,False,BARTŁOMIEJ KUKUŁOWICZ,POLSKA,OBROŃCA,STAL STALOWA WOLA,0.207563104,2,1.7,0,11,1230
6.917524395,0,5,False,ADRIAN KOSTRZEWSKI,POLSKA,BRAMKARZ,GÓRNIK ŁĘCZNA,0.461168293,20,1.6,0.02,11,1229
0,0,0,False,MARCEL SLUGA,POLSKA,NAPASTNIK,ODRA OPOLE,0.156839623,0,1,0.01,11,1226
0,0,0,False,MARCEL SLUGA,POLSKA,NAPASTNIK,ODRA OPOLE,0.405536276,0,1,0.01,11,1226
0,0,0,False,MARCIN GARUCH,POLSKA,POMOCNIK,MIEDŹ LEGNICA,0.577159951,0,1.6,0,11,1209
1.452941728,0,4,False,MICHAŁ MYDLARZ,POLSKA,POMOCNIK,STAL STALOWA WOLA,0.207563104,11,1.3,0,11,1205
19.046278374,0,13,False,JAKUB WRĄBEL,POLSKA,BRAMKARZ,MIEDŹ LEGNICA,0.577159951,46,1.9,0.09,11,1198
2.490757249,0,6,False,JAKUB BANACH,POLSKA,OBROŃCA,STAL STALOWA WOLA,0.207563104,18,1.3,0.01,11,1189
10.007506803,10,6,False,DANIEL SZCZEPAN,POLSKA,NAPASTNIK,RUCH CHORZÓW,0.555972600,34,2.5,0.16,11,1149
0,0,0,False,BRUNO WACŁAWEK,POLSKA,OBROŃCA,BRUK-BET TERMALICA NIECIECZA,0.465374751,0,1.6,0,11,1144
3.228178051,0,5,False,MARCIN GRABOWSKI,POLSKA,OBROŃCA,GÓRNIK ŁĘCZNA,0.461168293,12,1.7,0,11,1142
4.066970647,0,9,False,ERNEST TERPIŁOWSKI,POLSKA,POMOCNIK,POLONIA WARSZAWA,0.271131376,24,1.9,0.02,11,1132
0.861306571,0,2,False,MAKSYMILIAN SITEK,POLSKA,POMOCNIK,ŁKS ŁÓDŹ,0.430653286,4,1.7,0,11,1090
1.069910440,0,4,False,ŁUKASZ NORKOWSKI,POLSKA,POMOCNIK,WARTA POZNAŃ,0.267477610,8,1.5,0,11,1081
1.363540384,0,2,False,ALEKSANDER BIEGAŃSKI,POLSKA,POMOCNIK,KOTWICA KOŁOBRZEG,0.194791483,9,1.3,0,11,1072
2.379359403,10,4,False,DAWID KOCYŁA,POLSKA,POMOCNIK,WISŁA PŁOCK,0.297419925,22,1.8,0.01,11,1045
0,0,3,False,MICHAŁ KOŁODZIEJSKI,POLSKA,OBROŃCA,POLONIA WARSZAWA,0.271131376,3,1.7,0,11,1038
13.746218963,-10,7,False,PAWEŁ LENARCIK,POLSKA,BRAMKARZ,ARKA GDYNIA,0.654581855,18,1.8,0.04,11,1033
0,0,0,False,KACPER KOŁOTYŁO,POLSKA,BRAMKARZ,GKS TYCHY,0.267973856,0,0.9,0,11,1031
5.895424837,0,5,False,JAKUB TECŁAW,POLSKA,OBROŃCA,GKS TYCHY,0.267973856,27,1.8,0.01,11,1025
4.603902406,-10,3,False,JAKUB SINIOR,POLSKA,OBROŃCA,POGOŃ SIEDLCE,0.230195120,13,1.3,0,11,1017
0,0,0,False,MATEUSZ GÓRSKI,POLSKA,BRAMKARZ,GKS TYCHY,0.267973856,0,1.7,0.01,11,1011
2.674776099,10,5,False,RAFAŁ ADAMSKI,POLSKA,NAPASTNIK,WARTA POZNAŃ,0.267477610,25,1.3,0.04,11,1007
-0.542262753,0,2,False,JAKUB LEMANOWICZ,POLSKA,BRAMKARZ,POLONIA WARSZAWA,0.271131376,0,1.6,0,11,992
3.649826487,0,4,False,ARTUR PIKK,ESTONIA,OBROŃCA,ODRA OPOLE,0.405536276,13,1.5,0.01,11,977
1.411556604,0,4,False,ARTUR PIKK,ESTONIA,OBROŃCA,ODRA OPOLE,0.156839623,13,1.5,0.01,11,977
2.885799754,0,12,False,NEMANJA MIJUŚKOVIĆ,CZARNOGÓRA,OBROŃCA,MIEDŹ LEGNICA,0.577159951,17,2.1,0.09,11,975
5.017835526,0,6,False,DOMINIK SOKÓŁ,POLSKA,OBROŃCA,ZNICZ PRUSZKÓW,0.313614720,22,1.7,0.01,11,966
8.342983366,0,6,False,DOMINIK SOKÓŁ,POLSKA,OBROŃCA,ZNICZ PRUSZKÓW,0.521436460,22,1.7,0.01,11,966
0.930749501,0,7,False,JAKUB NOWAKOWSKI,POLSKA,POMOCNIK,BRUK-BET TERMALICA NIECIECZA,0.465374751,9,1.5,0,11,964
0,0,0,False,MATEUSZ MICHALSKI,POLSKA,POMOCNIK,POLONIA WARSZAWA,0.271131376,0,1.8,0,11,963
0.542262753,0,2,False,MARCIN KLUSKA,POLSKA,POMOCNIK,POLONIA WARSZAWA,0.271131376,4,1.5,0,11,962
5.964890282,0,7,False,MICHAŁ GRUDNIEWSKI,POLSKA,OBROŃCA,POLONIA WARSZAWA,0.271131376,29,1.8,0.03,11,951
5.271971592,0,8,False,ARTUR HALUCH,POLSKA,BRAMKARZ,ODRA OPOLE,0.405536276,21,1.9,0.03,11,948
2.038915094,0,8,False,ARTUR HALUCH,POLSKA,BRAMKARZ,ODRA OPOLE,0.156839623,21,1.9,0.03,11,948
7.888888889,0,7,False,KRYSTIAN WACHOWIAK,POLSKA,OBROŃCA,STAL RZESZÓW,0.464052288,24,1.7,0.01,11,942
1.071895425,0,2,False,JAKUB BIEROŃSKI,POLSKA,POMOCNIK,GKS TYCHY,0.267973856,6,1.6,0,11,941
1.309163711,0,2,False,ADAM RATAJCZYK,POLSKA,POMOCNIK,ARKA GDYNIA,0.654581855,4,1.8,0,11,937
3.744686539,0,6,False,MACIEJ FIRLEJ,POLSKA,NAPASTNIK,WARTA POZNAŃ,0.267477610,20,1.7,0.02,11,915
0,0,0,False,ADAM CHRZANOWSKI,POLSKA,OBROŃCA,WISŁA PŁOCK,0.297419925,0,1.7,0.01,11,906
0.627358491,9,5,False,KONRAD NOWAK,POLSKA,POMOCNIK,ODRA OPOLE,0.156839623,18,1.7,0,11,887
1.622145105,9,5,False,KONRAD NOWAK,POLSKA,POMOCNIK,ODRA OPOLE,0.405536276,18,1.7,0,11,887
6.456356102,0,3,False,MARKO ROGINIĆ,CHORWACJA,NAPASTNIK,GÓRNIK ŁĘCZNA,0.461168293,17,1.8,0.02,11,884
15.822741522,0,12,False,DAMIAN HILBRYCHT,POLSKA,OBROŃCA,BRUK-BET TERMALICA NIECIECZA,0.465374751,46,1.9,0.07,11,883
5.948398508,10,12,False,ŁUKASZ SEKULSKI,POLSKA,NAPASTNIK,WISŁA PŁOCK,0.297419925,42,2.2,0.35,11,878
0.535947712,0,5,False,DOMINIK POŁAP,POLSKA,OBROŃCA,GKS TYCHY,0.267973856,7,1.7,0.01,11,877
7.378692688,0,8,False,PAWEŁ ŻYRA,POLSKA,POMOCNIK,GÓRNIK ŁĘCZNA,0.461168293,24,1.8,0.01,11,867
3.891808201,10,9,False,ŁUKASZ MONETA,POLSKA,POMOCNIK,RUCH CHORZÓW,0.555972600,26,1.8,0.01,11,864
5.056138732,0,8,False,FABIAN HISZPAŃSKI,POLSKA,POMOCNIK,WISŁA PŁOCK,0.297419925,25,1.8,0.01,11,862
0,0,0,False,PAWEŁ LEŻOŃ,POLSKA,POMOCNIK,BRUK-BET TERMALICA NIECIECZA,0.465374751,0,0.8,0,11,859
3.244290211,0,5,False,PIOTR ŻEMŁO,POLSKA,OBROŃCA,ODRA OPOLE,0.405536276,13,1.7,0.01,11,852
1.254716981,0,5,False,PIOTR ŻEMŁO,POLSKA,OBROŃCA,ODRA OPOLE,0.156839623,13,1.7,0.01,11,852
3.524707894,10,8,False,SZYMON KOBUSIŃSKI,POLSKA,NAPASTNIK,POLONIA WARSZAWA,0.271131376,31,1.9,0.03,11,835
0.577159951,0,2,False,BARTOSZ BIDA,POLSKA,POMOCNIK,MIEDŹ LEGNICA,0.577159951,3,1.7,0.01,11,830
4.823529412,0,7,False,WIKTOR ŻYTEK,POLSKA,POMOCNIK,GKS TYCHY,0.267973856,25,1.8,0.02,11,813
0,0,0,False,KRZYSZTOF JANUS,POLSKA,POMOCNIK,WISŁA PŁOCK,0.297419925,0,1.5,0,11,778
6.151985029,-10,6,False,JAKUB KIEŁB,POLSKA,OBROŃCA,WARTA POZNAŃ,0.267477610,19,1.8,0.03,11,754
0,0,0,False,KACPER SADŁOCHA,POLSKA,NAPASTNIK,STAL RZESZÓW,0.464052288,0,1.5,0.01,11,745
10.128585294,-40,3,False,OSKAR KRZYŻAK,POLSKA,OBROŃCA,POGOŃ SIEDLCE,0.230195120,7,1.5,0.01,11,738
3.722998005,20,7,False,MACIEJ WOLSKI,POLSKA,POMOCNIK,BRUK-BET TERMALICA NIECIECZA,0.465374751,35,1.8,0.02,11,721
4.834097527,-10,3,False,PIOTR PYRDOŁ,POLSKA,POMOCNIK,POGOŃ SIEDLCE,0.230195120,14,1.6,0.01,11,717
11.917359374,-27,6,False,OSKAR KOPROWSKI,POLSKA,OBROŃCA,ZNICZ PRUSZKÓW,0.313614720,17,1.7,0.01,11,709
19.814585495,-27,6,False,OSKAR KOPROWSKI,POLSKA,OBROŃCA,ZNICZ PRUSZKÓW,0.521436460,17,1.7,0.01,11,709
0,0,0,False,MICHAŁ KOŁBA,POLSKA,BRAMKARZ,ŁKS ŁÓDŹ,0.430653286,0,1.2,0.01,11,705
0,0,0,False,MICHAŁ BRUDNICKI,POLSKA,BRAMKARZ,POLONIA WARSZAWA,0.271131376,0,1.4,0,11,704
0.292516267,0,3,False,DAWID ARNDT,POLSKA,BRAMKARZ,CHROBRY GŁOGÓW,0.146258133,5,1.8,0.01,11,703
1.755097600,0,6,False,KACPER TABIŚ,POLSKA,POMOCNIK,CHROBRY GŁOGÓW,0.146258133,18,1.7,0,11,696
1.071895425,10,2,False,DANIEL RUMIN,POLSKA,NAPASTNIK,GKS TYCHY,0.267973856,16,1.8,0.02,11,695
5.677507869,9,12,False,ADRIAN ŁYSZCZARZ,POLSKA,POMOCNIK,ODRA OPOLE,0.405536276,35,1.9,0.04,11,692
2.195754717,9,12,False,ADRIAN ŁYSZCZARZ,POLSKA,POMOCNIK,ODRA OPOLE,0.156839623,35,1.9,0.04,11,692
3.462959704,0,2,False,DAMIAN TRONT,POLSKA,POMOCNIK,MIEDŹ LEGNICA,0.577159951,8,1.8,0,11,685
4.447780801,0,2,False,WOJCIECH ŁASKI,POLSKA,POMOCNIK,RUCH CHORZÓW,0.555972600,10,1.6,0,11,679
11.127891541,10,12,False,DAWID GOJNY,POLSKA,OBROŃCA,ARKA GDYNIA,0.654581855,39,1.8,0.17,11,668
0,0,2,False,JULIUSZ LETNIOWSKI,POLSKA,POMOCNIK,MIEDŹ LEGNICA,0.577159951,2,1.7,0,11,632
9.814857538,-10,7,False,MACIEJ GOSTOMSKI,POLSKA,BRAMKARZ,WISŁA PŁOCK,0.297419925,30,2,0.25,11,626
8.342983366,9,9,False,WIKTOR NOWAK,POLSKA,POMOCNIK,ZNICZ PRUSZKÓW,0.521436460,34,1.7,0.03,11,615
5.017835526,9,9,False,WIKTOR NOWAK,POLSKA,POMOCNIK,ZNICZ PRUSZKÓW,0.313614720,34,1.7,0.03,11,615
3.244290211,0,8,False,JAKUB BARTOSZ,POLSKA,OBROŃCA,ODRA OPOLE,0.405536276,16,1.7,0.01,11,589
1.254716981,0,8,False,JAKUB BARTOSZ,POLSKA,OBROŃCA,ODRA OPOLE,0.156839623,16,1.7,0.01,11,589
0.465374751,0,2,False,JAKUB WRÓBEL,POLSKA,NAPASTNIK,BRUK-BET TERMALICA NIECIECZA,0.465374751,3,1.7,0.01,11,568
9.905025570,0,6,False,MATEUSZ KUPCZAK,POLSKA,POMOCNIK,ŁKS ŁÓDŹ,0.430653286,29,2.1,0.02,11,554
0,0,0,False,VLASTIMIR JOVANOVIĆ,BOŚNIA,POMOCNIK,BRUK-BET TERMALICA NIECIECZA,0.465374751,0,1.2,0,11,553
2.632646400,-10,7,False,PRZEMYSŁAW SZAREK,POLSKA,OBROŃCA,CHROBRY GŁOGÓW,0.146258133,15,1.6,0,11,550
12.565118267,0,17,False,ARTEM PUTIWCEW,UKRAINA,OBROŃCA,BRUK-BET TERMALICA NIECIECZA,0.465374751,44,1.8,0.27,11,548
2.674776099,10,7,False,BARTOSZ SZELIGA,POLSKA,POMOCNIK,WARTA POZNAŃ,0.267477610,27,1.8,0.02,11,542
2.139820880,0,4,False,SZYMON PAWŁOWSKI,POLSKA,POMOCNIK,WARTA POZNAŃ,0.267477610,12,1.4,0,11,541
2.947712418,0,6,False,BARTOSZ ŚPIĄCZKA,POLSKA,NAPASTNIK,GKS TYCHY,0.267973856,17,1.8,0.06,11,539
2.778904533,-10,3,False,MIKOŁAJ LEBEDYŃSKI,POLSKA,NAPASTNIK,CHROBRY GŁOGÓW,0.146258133,12,1.8,0.03,11,524
1.755097600,0,9,False,SEBASTIAN BONECKI,POLSKA,POMOCNIK,CHROBRY GŁOGÓW,0.146258133,21,1.7,0.01,11,521
3.528572769,0,5,False,JAKUB KOWALSKI,POLSKA,POMOCNIK,STAL STALOWA WOLA,0.207563104,22,1.3,0.01,11,517
3.528572769,0,7,False,DOMINIK JOŃCZY,POLSKA,OBROŃCA,STAL STALOWA WOLA,0.207563104,24,1.6,0.01,11,511
7.213138568,18,8,False,RADOSŁAW MAJEWSKI,POLSKA,POMOCNIK,ZNICZ PRUSZKÓW,0.313614720,49,2,0.24,11,509
11.993038589,18,8,False,RADOSŁAW MAJEWSKI,POLSKA,POMOCNIK,ZNICZ PRUSZKÓW,0.521436460,49,2,0.24,11,509
0,0,0,False,MIŁOSZ MLECZKO,POLSKA,BRAMKARZ,BRUK-BET TERMALICA NIECIECZA,0.465374751,0,1.7,0,11,494
8.657399261,0,3,False,KRZYSZTOF DRZAZGA,POLSKA,NAPASTNIK,MIEDŹ LEGNICA,0.577159951,18,1.7,0.01,11,492
1.316323200,0,5,False,MAVROUDÍS BOUGAḮDIS,GRECJA,OBROŃCA,CHROBRY GŁOGÓW,0.146258133,14,1.7,0.01,11,490
7.321105856,0,15,False,PIOTR GŁOWACKI,POLSKA,OBROŃCA,ŁKS ŁÓDŹ,0.430653286,32,1.9,0.02,11,468
13.620283019,-22,2,False,WIKTOR BIEDRZYCKI,POLSKA,OBROŃCA,WISŁA KRAKÓW,0.619103774,2,1.8,0.04,11,465
3.452926805,-10,3,False,ERNEST DZIĘCIOŁ,POLSKA,OBROŃCA,POGOŃ SIEDLCE,0.230195120,8,1.4,0,11,460
3.751633987,10,8,False,RAFAŁ MAKOWSKI,POLSKA,POMOCNIK,GKS TYCHY,0.267973856,32,1.9,0.04,11,444
3.477208929,0,2,False,DAMIAN GĄSKA,POLSKA,POMOCNIK,WARTA POZNAŃ,0.267477610,15,1.7,0.02,11,418
0,0,0,False,MATEUSZ SPYCHAŁA,POLSKA,OBROŃCA,ODRA OPOLE,0.156839623,0,1.7,0,11,415
0,0,0,False,MATEUSZ SPYCHAŁA,POLSKA,OBROŃCA,ODRA OPOLE,0.405536276,0,1.7,0,11,415
0,0,1,False,PAWEŁ OLSZEWSKI,POLSKA,OBROŃCA,POLONIA WARSZAWA,0.271131376,1,1.7,0,11,412
6.496732026,10,6,False,KAMIL KOŚCIELNY,POLSKA,OBROŃCA,STAL RZESZÓW,0.464052288,30,1.8,0.02,11,410
5.891236698,0,6,False,DAMIAN WĘGLARZ,POLSKA,BRAMKARZ,ARKA GDYNIA,0.654581855,15,1.9,0.01,11,406
0,0,0,False,DAMIAN MICHALIK,POLSKA,POMOCNIK,MIEDŹ LEGNICA,0.577159951,0,2.1,0.01,11,396
7.791659335,-20,6,False,TOMASZ WEŁNA,POLSKA,OBROŃCA,KOTWICA KOŁOBRZEG,0.194791483,26,1.6,0.02,11,385
25.408543854,-24,13,False,ŁUKASZ WIECH,POLSKA,OBROŃCA,ŁKS ŁÓDŹ,0.430653286,48,1.8,0.28,11,363
0,0,0,False,KAROL TUREK,POLSKA,OBROŃCA,GÓRNIK ŁĘCZNA,0.461168293,0,1.2,0,11,362
17.218865774,-10,13,False,ARKADIUSZ KASPERKIEWICZ,POLSKA,OBROŃCA,BRUK-BET TERMALICA NIECIECZA,0.465374751,40,1.9,0.07,11,356
6.810141509,0,6,False,RAFAŁ MIKULEC,POLSKA,OBROŃCA,WISŁA KRAKÓW,0.619103774,17,1.7,0.05,11,334
4.566388289,-30,12,False,ŁUKASZ FURTAK,POLSKA,OBROŃCA,STAL STALOWA WOLA,0.207563104,4,1.5,0.01,11,331
0,0,3,False,IGOR SAPAŁA,POLSKA,POMOCNIK,WISŁA KRAKÓW,0.619103774,3,1.7,0.01,11,320
3.891808201,0,5,False,ŁUKASZ GÓRA,POLSKA,OBROŃCA,RUCH CHORZÓW,0.555972600,12,1.7,0,11,306
1.189679702,7,6,False,PIOTR KRAWCZYK,POLSKA,NAPASTNIK,WISŁA PŁOCK,0.297419925,17,1.5,0,11,299
3.222731684,10,9,False,CEZARY DEMIANIUK,POLSKA,NAPASTNIK,POGOŃ SIEDLCE,0.230195120,33,1.7,0.04,11,297
1.254716981,0,7,False,JAKUB SZREK,POLSKA,OBROŃCA,ODRA OPOLE,0.156839623,15,1.7,0.03,11,294
3.244290211,0,7,False,JAKUB SZREK,POLSKA,OBROŃCA,ODRA OPOLE,0.405536276,15,1.7,0.03,11,294
5.353558657,20,9,False,DOMINIK KUN,POLSKA,POMOCNIK,WISŁA PŁOCK,0.297419925,47,2,0.21,11,288
1.626788259,10,5,False,MICHAŁ BAJDUR,POLSKA,POMOCNIK,POLONIA WARSZAWA,0.271131376,21,1.8,0.01,11,283
10.473309686,10,9,False,SZYMON SOBCZAK,POLSKA,NAPASTNIK,ARKA GDYNIA,0.654581855,35,2.1,0.15,11,268
1.254716981,9,3,False,MAKSYMILIAN BANASZEWSKI,POLSKA,POMOCNIK,ODRA OPOLE,0.156839623,20,1.7,0.01,11,258
3.244290211,9,3,False,MAKSYMILIAN BANASZEWSKI,POLSKA,POMOCNIK,ODRA OPOLE,0.405536276,20,1.7,0.01,11,258
0,0,2,False,MARTIN DOBROTKA,SŁOWACJA,OBROŃCA,ARKA GDYNIA,0.654581855,2,1.9,0,11,250
7.791659335,0,8,False,MAREK KOZIOŁ,POLSKA,BRAMKARZ,KOTWICA KOŁOBRZEG,0.194791483,48,1.7,0.1,11,247
2.195754717,0,8,False,ADRIAN PURZYCKI,POLSKA,POMOCNIK,ODRA OPOLE,0.156839623,22,1.7,0.01,11,241
5.677507869,0,8,False,ADRIAN PURZYCKI,POLSKA,POMOCNIK,ODRA OPOLE,0.405536276,22,1.7,0.01,11,241
0,0,0,False,PRZEMYSŁAW MYSTKOWSKI,POLSKA,POMOCNIK,GKS TYCHY,0.267973856,0,1.6,0.01,11,240
2.305841465,0,6,False,JONATHAN DE AMO,HISZPANIA,OBROŃCA,GÓRNIK ŁĘCZNA,0.461168293,11,1.7,0.02,11,227
2.433217658,9,3,False,RAFAŁ NIZIOŁEK,POLSKA,POMOCNIK,ODRA OPOLE,0.405536276,18,1.8,0.03,11,212
0.941037736,9,3,False,RAFAŁ NIZIOŁEK,POLSKA,POMOCNIK,ODRA OPOLE,0.156839623,18,1.8,0.03,11,212
7.320547164,0,7,False,MATEUSZ KUCHTA,POLSKA,BRAMKARZ,POLONIA WARSZAWA,0.271131376,34,1.7,0.02,11,198
10.950165668,0,10,False,DANIEL STANCLIK,POLSKA,NAPASTNIK,ZNICZ PRUSZKÓW,0.521436460,31,1.8,0.08,11,194
6.585909128,0,10,False,DANIEL STANCLIK,POLSKA,NAPASTNIK,ZNICZ PRUSZKÓW,0.313614720,31,1.8,0.08,11,194
18.903068406,-10,7,False,SZYMON SZYMAŃSKI,POLSKA,OBROŃCA,RUCH CHORZÓW,0.555972600,31,1.8,0.05,11,189
3.891808201,0,7,False,MIŁOSZ KOZAK,POLSKA,POMOCNIK,RUCH CHORZÓW,0.555972600,14,2.3,0.09,11,181
0.928104575,0,2,False,PAWEŁ OLEKSY,POLSKA,OBROŃCA,STAL RZESZÓW,0.464052288,4,1.7,0.01,11,171
8.153982729,-9,10,False,PAWEŁ MOSKWIK,POLSKA,OBROŃCA,ZNICZ PRUSZKÓW,0.313614720,27,1.8,0.07,11,169
13.557347970,-9,10,False,PAWEŁ MOSKWIK,POLSKA,OBROŃCA,ZNICZ PRUSZKÓW,0.521436460,27,1.8,0.07,11,169
9.905660377,0,6,False,BARTOSZ JAROCH,POLSKA,OBROŃCA,WISŁA KRAKÓW,0.619103774,22,1.8,0.12,11,166
0,0,0,False,PATRYK SIKORA,POLSKA,POMOCNIK,RUCH CHORZÓW,0.555972600,0,1.8,0.01,11,151
5.571933962,0,2,False,PIOTR STARZYŃSKI,POLSKA,POMOCNIK,WISŁA KRAKÓW,0.619103774,11,1.6,0.01,11,145
2.679738562,0,5,False,MATEUSZ HOŁOWNIA,POLSKA,OBROŃCA,GKS TYCHY,0.267973856,15,1.7,0,11,137
11.634368766,10,12,False,KAMIL ZAPOLNIK,POLSKA,POMOCNIK,BRUK-BET TERMALICA NIECIECZA,0.465374751,47,2,0.17,11,131
1.355656882,0,2,False,JAKUB PIĄTEK,POLSKA,POMOCNIK,POLONIA WARSZAWA,0.271131376,7,1.7,0,11,124
13.457516340,10,9,False,ANDREJA PROKIĆ,SERBIA,POMOCNIK,STAL RZESZÓW,0.464052288,48,2.1,0.09,11,100
-0.313679245,0,2,False,MATEUSZ KAMIŃSKI,POLSKA,OBROŃCA,ODRA OPOLE,0.156839623,0,1.8,0.03,11,85
-0.811072553,0,2,False,MATEUSZ KAMIŃSKI,POLSKA,OBROŃCA,ODRA OPOLE,0.405536276,0,1.8,0.03,11,85
0,0,0,False,MATEUSZ ABRAMOWICZ,POLSKA,BRAMKARZ,MIEDŹ LEGNICA,0.577159951,0,1.7,0.01,11,82
0,0,0,False,MICHAŁ PAWLIK,POLSKA,POMOCNIK,ZNICZ PRUSZKÓW,0.313614720,0,1.6,0.01,11,74
0,0,0,False,MICHAŁ PAWLIK,POLSKA,POMOCNIK,ZNICZ PRUSZKÓW,0.521436460,0,1.6,0.01,11,74
1.901355733,0,3,False,ROBERT MANDRYSZ,POLSKA,POMOCNIK,CHROBRY GŁOGÓW,0.146258133,16,1.7,0,11,72
5.891236698,0,4,False,MICHAŁ BORECKI,POLSKA,POMOCNIK,ARKA GDYNIA,0.654581855,13,1.7,0,11,64
4.582072988,0,10,False,PRZEMYSŁAW STOLC,POLSKA,OBROŃCA,ARKA GDYNIA,0.654581855,17,1.8,0.04,11,61
11.782473397,0,4,False,MICHAŁ RZUCHOWSKI,POLSKA,POMOCNIK,ARKA GDYNIA,0.654581855,22,1.8,0.02,11,45
6.236021659,0,8,False,BARTŁOMIEJ POCZOBUT,POLSKA,POMOCNIK,POLONIA WARSZAWA,0.271131376,31,1.8,0.02,11,44
2.047613866,0,3,False,JAKUB KUZDRA,POLSKA,POMOCNIK,CHROBRY GŁOGÓW,0.146258133,17,1.6,0,11,43
1.462581333,0,2,False,BARTOSZ BIEL,POLSKA,POMOCNIK,CHROBRY GŁOGÓW,0.146258133,12,1.6,0.01,11,36
3.253576518,9,5,False,NIKODEM ZAWISTOWSKI,POLSKA,POMOCNIK,POLONIA WARSZAWA,0.271131376,26,1.7,0.02,11,23
0,7,4,False,KRZYSZTOF DANIELEWICZ,POLSKA,POMOCNIK,POGOŃ SIEDLCE,0.230195120,11,1.7,0,11,17
15.583318670,0,7,False,JACEK PODGÓRSKI,POLSKA,POMOCNIK,MIEDŹ LEGNICA,0.577159951,34,1.9,0.04,11,12
0,0,0,False,MACIEJ DAMPC,POLSKA,OBROŃCA,KOTWICA KOŁOBRZEG,0.194791483,0,1.5,0.01,11,6
